scenario_num,hull_id,engine_id,propeller_id,NPV
0,1,1,831,433092097.153,00:01:02
0,1,1,559,423588344.355,00:02:00
0,1,1,754,423660057.773,00:03:01
0,1,1,713,431994219.193,00:04:02
0,1,1,706,431994219.193,00:05:03
0,1,1,643,426762077.894,00:06:07
0,1,1,566,423588344.355,00:07:06
0,1,1,448,422833393.608,00:08:08
0,1,1,768,423584193.724,00:09:09
0,1,1,844,422966513.132,00:10:04
0,1,1,628,435345646.794,00:11:05
0,1,1,441,422966513.132,00:12:07
0,1,1,434,422975396.204,00:13:08
0,1,1,455,422817763.079,00:14:10
0,1,1,663,422941233.659,00:15:10
1,1,1,831,282578891.262,00:16:14
1,1,1,559,281110347.445,00:17:15
1,1,1,754,281224539.513,00:18:19
1,1,1,713,283468749.625,00:19:22
1,1,1,706,283468749.625,00:20:26
1,1,1,643,282049995.441,00:21:33
1,1,1,566,281110347.445,00:22:34
1,1,1,448,280632030.161,00:23:39
1,1,1,768,281110347.445,00:24:42
1,1,1,844,280346654.297,00:25:41
1,1,1,628,280376763.657,00:26:43
1,1,1,441,280346654.297,00:27:47
1,1,1,434,280376763.657,00:28:52
1,1,1,455,280622753.817,00:29:55
1,1,1,663,280337381.529,00:30:57
2,1,1,831,242816374.517,00:32:03
2,1,1,559,241922634.543,00:33:03
2,1,1,754,242079512.01,00:34:05
2,1,1,713,241566546.865,00:35:07
2,1,1,706,241566546.865,00:36:09
2,1,1,643,242326395.435,00:37:17
2,1,1,566,241922634.543,00:38:18
2,1,1,448,239010479.142,00:39:21
2,1,1,768,241922634.543,00:40:23
2,1,1,844,239010705.004,00:41:21
2,1,1,628,239044940.555,00:42:23
2,1,1,441,239010705.004,00:43:26
2,1,1,434,239044940.555,00:44:30
2,1,1,455,239013592.096,00:45:34
2,1,1,663,239013817.958,00:46:35
3,1,1,831,178673975.553,00:47:42
3,1,1,559,181955782.278,00:48:45
3,1,1,754,181848309.643,00:49:48
3,1,1,713,180169141.019,00:50:53
3,1,1,706,180169141.019,00:51:57
3,1,1,643,178831388.783,00:53:06
3,1,1,566,181750793.555,00:54:08
3,1,1,448,178077050.752,00:55:14
3,1,1,768,181750793.555,00:56:18
3,1,1,844,178077050.752,00:57:18
3,1,1,628,178102330.742,00:58:24
3,1,1,441,178077050.752,00:59:30
3,1,1,434,178102330.742,01:00:38
3,1,1,455,177957155.705,01:01:44
3,1,1,663,177957155.705,01:02:49
4,1,1,831,201815173.068,01:03:55
4,1,1,559,200820181.934,01:04:57
4,1,1,754,200807222.695,01:06:00
4,1,1,713,203034439.871,01:07:04
4,1,1,706,203034439.871,01:08:07
4,1,1,643,201762741.505,01:09:15
4,1,1,566,200671235.584,01:10:16
4,1,1,448,200528004.299,01:11:22
4,1,1,768,200671235.584,01:12:24
4,1,1,844,200528004.299,01:13:24
4,1,1,628,200598996.059,01:14:28
4,1,1,441,200528004.299,01:15:34
4,1,1,434,200598996.059,01:16:40
4,1,1,455,200459045.398,01:17:45
4,1,1,663,200459045.398,01:18:49
5,1,1,831,209753706.944,01:19:55
5,1,1,559,211655581.051,01:20:59
5,1,1,754,211698073.261,01:22:04
5,1,1,713,210359026.63,01:23:08
5,1,1,706,210359026.63,01:24:13
5,1,1,643,209610649.847,01:25:21
5,1,1,566,211294553.088,01:26:23
5,1,1,448,212033400.535,01:27:28
5,1,1,768,211294553.088,01:28:32
5,1,1,844,211863502.86,01:29:31
5,1,1,628,211825627.259,01:30:34
5,1,1,441,211863502.86,01:31:39
5,1,1,434,211825627.259,01:32:44
5,1,1,455,212065107.4,01:33:49
5,1,1,663,211895234.155,01:34:53
6,1,1,831,195831859.112,01:35:59
6,1,1,559,195445313.849,01:37:02
6,1,1,754,195444458.608,01:38:07
6,1,1,713,197701616.183,01:39:11
6,1,1,706,197701616.183,01:40:15
6,1,1,643,195701630.915,01:41:24
6,1,1,566,195083581.737,01:42:24
6,1,1,448,195546335.591,01:43:30
6,1,1,768,195083581.737,01:44:33
6,1,1,844,195546335.591,01:45:33
6,1,1,628,195510520.456,01:46:37
6,1,1,441,195546335.591,01:47:43
6,1,1,434,195510520.456,01:48:49
6,1,1,455,195565625.357,01:49:55
6,1,1,663,195565625.357,01:50:59
7,1,1,831,185319754.682,01:52:06
7,1,1,559,187878341.017,01:53:09
7,1,1,754,187833731.424,01:54:13
7,1,1,713,186436476.907,01:55:17
7,1,1,706,186436476.907,01:56:22
7,1,1,643,184589786.008,01:57:30
7,1,1,566,187619271.119,01:58:32
7,1,1,448,183946169.267,01:59:38
7,1,1,768,187619271.119,02:00:41
7,1,1,844,183946169.267,02:01:41
7,1,1,628,184043486.818,02:02:46
7,1,1,441,183946169.267,02:03:52
7,1,1,434,184043486.818,02:04:59
7,1,1,455,183943944.767,02:06:05
7,1,1,663,183943944.767,02:07:09
8,1,1,831,154692970.74,02:08:16
8,1,1,559,156740854.556,02:09:19
8,1,1,754,156604943.555,02:10:24
8,1,1,713,156372165.229,02:11:29
8,1,1,706,156374674.141,02:12:34
8,1,1,643,154007441.166,02:13:43
8,1,1,566,152250605.175,02:14:44
8,1,1,448,153500884.152,02:15:51
8,1,1,768,152241344.989,02:16:55
8,1,1,844,153500884.152,02:17:55
8,1,1,628,153437946.894,02:19:00
8,1,1,441,153507769.866,02:20:07
8,1,1,434,153435540.909,02:21:14
8,1,1,455,153236038.16,02:22:21
8,1,1,663,153444619.158,02:23:26
9,1,1,831,80102017.842,02:24:39
9,1,1,559,79910563.787,02:25:49
9,1,1,754,79934682.469,02:27:00
9,1,1,713,80891117.114,02:28:10
9,1,1,706,81067151.367,02:29:21
9,1,1,643,80358189.252,02:30:36
9,1,1,566,79787494.524,02:31:45
9,1,1,448,79710596.431,02:32:58
9,1,1,768,79457790.638,02:34:09
9,1,1,844,79691934.445,02:35:15
9,1,1,628,79834458.201,02:36:26
9,1,1,441,79712140.226,02:37:40
9,1,1,434,79690786.904,02:38:53
9,1,1,455,79470536.883,02:40:06
9,1,1,663,79808020.071,02:41:18
10,1,1,831,144758524.341,02:42:24
10,1,1,559,144600696.27,02:43:29
10,1,1,754,144490495.166,02:44:35
10,1,1,713,143761768.634,02:45:40
10,1,1,706,143766898.114,02:46:44
10,1,1,643,144360185.404,02:47:55
10,1,1,566,143698020.452,02:48:57
10,1,1,448,143484174.406,02:50:04
10,1,1,768,143686603.957,02:51:09
10,1,1,844,143484174.406,02:52:10
10,1,1,628,143466235.658,02:53:16
10,1,1,441,143502710.703,02:54:23
10,1,1,434,143461250.972,02:55:31
10,1,1,455,143450838.771,02:56:38
10,1,1,663,143518985.64,02:57:44
11,1,1,831,169406418.113,02:58:52
11,1,1,559,169167388.066,02:59:55
11,1,1,754,169075230.572,03:01:00
11,1,1,713,171162997.046,03:02:06
11,1,1,706,171165576.458,03:03:11
11,1,1,643,169674948.343,03:04:20
11,1,1,566,168857817.075,03:05:22
11,1,1,448,168451129.455,03:06:30
11,1,1,768,168857817.075,03:07:34
11,1,1,844,168451129.455,03:08:35
11,1,1,628,168513604.246,03:09:40
11,1,1,441,168456580.968,03:10:47
11,1,1,434,168511128.336,03:11:56
11,1,1,455,168383759.538,03:13:03
11,1,1,663,168392300.515,03:14:08
12,1,1,831,113961261.649,03:15:18
12,1,1,559,114120912.609,03:16:24
12,1,1,754,113757186.033,03:17:33
12,1,1,713,114728959.514,03:18:40
12,1,1,706,114633540.392,03:19:48
12,1,1,643,113480029.525,03:21:00
12,1,1,566,113647116.682,03:22:06
12,1,1,448,113242244.687,03:23:16
12,1,1,768,113545539.027,03:24:23
12,1,1,844,113245873.392,03:25:27
12,1,1,628,113263583.696,03:26:35
12,1,1,441,113234728.946,03:27:45
12,1,1,434,113298372.779,03:28:55
12,1,1,455,113218383.402,03:30:05
12,1,1,663,113259976.275,03:31:14
13,1,1,831,165952947.246,03:32:20
13,1,1,559,165042906.701,03:33:24
13,1,1,754,164980899.366,03:34:30
13,1,1,713,164282875.051,03:35:34
13,1,1,706,164282875.051,03:36:39
13,1,1,643,165328175.499,03:37:49
13,1,1,566,164370894.993,03:38:50
13,1,1,448,164964952.131,03:39:57
13,1,1,768,164370894.993,03:41:01
13,1,1,844,164964952.131,03:42:02
13,1,1,628,164962361.556,03:43:07
13,1,1,441,164964952.131,03:44:14
13,1,1,434,164962361.556,03:45:22
13,1,1,455,164945923.568,03:46:29
13,1,1,663,164945923.568,03:47:35
14,1,1,831,166971783.212,03:48:42
14,1,1,559,167884114.286,03:49:48
14,1,1,754,167863494.085,03:50:54
14,1,1,713,168037812.538,03:51:59
14,1,1,706,168130828.495,03:53:04
14,1,1,643,166863005.294,03:54:14
14,1,1,566,167868104.311,03:55:18
14,1,1,448,166201812.107,03:56:25
14,1,1,768,167825122.987,03:57:32
14,1,1,844,165999551.338,03:58:32
14,1,1,628,166089737.964,03:59:38
14,1,1,441,165932496.959,04:00:44
14,1,1,434,166061721.944,04:01:52
14,1,1,455,168132022.031,04:02:58
14,1,1,663,165984341.762,04:04:03
15,1,1,831,381217508.217,04:05:06
15,1,1,559,377858872.547,04:06:05
15,1,1,754,377924876.186,04:07:06
15,1,1,713,381848348.636,04:08:07
15,1,1,706,381848348.636,04:09:08
15,1,1,643,380302237.586,04:10:13
15,1,1,566,377858872.547,04:11:12
15,1,1,448,377343686.476,04:12:15
15,1,1,768,377858872.547,04:13:16
15,1,1,844,377560273.838,04:14:12
15,1,1,628,374522936.508,04:15:12
15,1,1,441,377560273.838,04:16:14
15,1,1,434,377569178.108,04:17:16
15,1,1,455,377330371.328,04:18:18
15,1,1,663,377501152.153,04:19:19
16,1,1,831,221311152.469,04:20:24
16,1,1,559,219884923.809,04:21:26
16,1,1,754,219925928.375,04:22:30
16,1,1,713,222351386.397,04:23:33
16,1,1,706,222351386.397,04:24:36
16,1,1,643,221028685.259,04:25:43
16,1,1,566,219825660.565,04:26:45
16,1,1,448,219650408.805,04:27:50
16,1,1,768,219825660.565,04:28:54
16,1,1,844,219483411.06,04:29:52
16,1,1,628,219538813.762,04:30:56
16,1,1,441,219483411.06,04:32:00
16,1,1,434,219538813.762,04:33:06
16,1,1,455,219585285.167,04:34:10
16,1,1,663,219421208.309,04:35:13
17,1,1,831,259150147.308,04:36:18
17,1,1,559,257657935.262,04:37:19
17,1,1,754,257792432.736,04:38:23
17,1,1,713,260121110.931,04:39:26
17,1,1,706,260121110.931,04:40:29
17,1,1,643,258728633.222,04:41:36
17,1,1,566,257657935.262,04:42:38
17,1,1,448,257282512.793,04:43:42
17,1,1,768,257657935.262,04:44:45
17,1,1,844,257151911.538,04:45:44
17,1,1,628,257171947.493,04:46:46
17,1,1,441,257151911.538,04:47:51
17,1,1,434,257171947.493,04:48:55
17,1,1,455,257268710.252,04:50:00
17,1,1,663,257138105.686,04:51:02
18,1,1,831,216374556.066,04:52:08
18,1,1,559,214791209.592,04:53:09
18,1,1,754,214934396.077,04:54:12
18,1,1,713,218438201.186,04:55:15
18,1,1,706,218438201.186,04:56:18
18,1,1,643,219828983.831,04:57:26
18,1,1,566,214694165.626,04:58:26
18,1,1,448,215753914.862,04:59:31
18,1,1,768,214694165.626,05:00:34
18,1,1,844,215615239.053,05:01:33
18,1,1,628,215665015.932,05:02:36
18,1,1,441,215615239.053,05:03:41
18,1,1,434,215665015.932,05:04:47
18,1,1,455,215723772.268,05:05:51
18,1,1,663,215585100.311,05:06:55
19,1,1,831,207085779.334,05:08:00
19,1,1,559,206457987.996,05:09:03
19,1,1,754,206469624.7,05:10:08
19,1,1,713,208303433.159,05:11:11
19,1,1,706,208303433.159,05:12:14
19,1,1,643,207073082.983,05:13:22
19,1,1,566,206301537.803,05:14:24
19,1,1,448,206106815.746,05:15:30
19,1,1,768,206301537.803,05:16:34
19,1,1,844,206039817.656,05:17:33
19,1,1,628,206126081.944,05:18:38
19,1,1,441,206039817.656,05:19:43
19,1,1,434,206126081.944,05:20:50
19,1,1,455,206059898.58,05:21:55
19,1,1,663,205992900.49,05:22:59
20,1,1,831,209583847.228,05:24:04
20,1,1,559,214659335.779,05:25:06
20,1,1,754,214622272.261,05:26:09
20,1,1,713,211575528.945,05:27:13
20,1,1,706,211575528.945,05:28:17
20,1,1,643,209738102.168,05:29:24
20,1,1,566,214894015.748,05:30:25
20,1,1,448,208760209.694,05:31:30
20,1,1,768,214894015.748,05:32:33
20,1,1,844,208760209.694,05:33:32
20,1,1,628,208845123.254,05:34:36
20,1,1,441,208760209.694,05:35:40
20,1,1,434,208845123.254,05:36:46
20,1,1,455,208729022.646,05:37:51
20,1,1,663,208729022.646,05:38:54
21,1,1,831,151702964.384,05:40:02
21,1,1,559,150772981.636,05:41:06
21,1,1,754,150732720.214,05:42:11
21,1,1,713,149616420.931,05:43:15
21,1,1,706,149616420.931,05:44:20
21,1,1,643,151352250.158,05:45:29
21,1,1,566,150331457.625,05:46:31
21,1,1,448,149908585.713,05:47:38
21,1,1,768,150331457.625,05:48:42
21,1,1,844,149908585.713,05:49:43
21,1,1,628,149884528.845,05:50:47
21,1,1,441,149918793.194,05:51:54
21,1,1,434,149884528.845,05:53:01
21,1,1,455,149916824.7,05:54:08
21,1,1,663,149931058.244,05:55:14
22,1,1,831,195431816.206,05:56:19
22,1,1,559,194385176.361,05:57:23
22,1,1,754,194321492.597,05:58:27
22,1,1,713,192438880.279,05:59:31
22,1,1,706,192438880.279,06:00:35
22,1,1,643,195135162.517,06:01:43
22,1,1,566,194227054.926,06:02:45
22,1,1,448,194060221.081,06:03:51
22,1,1,768,194227054.926,06:04:55
22,1,1,844,193928520.689,06:05:55
22,1,1,628,194058565.504,06:07:00
22,1,1,441,193928520.689,06:08:06
22,1,1,434,194058565.504,06:09:12
22,1,1,455,194002125.091,06:10:18
22,1,1,663,193870417.298,06:11:22
23,1,1,831,319927031.145,06:12:26
23,1,1,559,318693490.34,06:13:27
23,1,1,754,318699801.665,06:14:29
23,1,1,713,320697965.689,06:15:31
23,1,1,706,320697965.689,06:16:34
23,1,1,643,320208963.469,06:17:40
23,1,1,566,318693490.34,06:18:41
23,1,1,448,317560452.517,06:19:44
23,1,1,768,318693490.34,06:20:46
23,1,1,844,317621492.209,06:21:43
23,1,1,628,316597005.889,06:22:45
23,1,1,441,317621492.209,06:23:48
23,1,1,434,317672954.194,06:24:51
23,1,1,455,317515590.404,06:25:54
23,1,1,663,317527948.966,06:26:55
24,1,1,831,236806770.585,06:28:00
24,1,1,559,235921083.183,06:29:02
24,1,1,754,236027182.251,06:30:05
24,1,1,713,239142913.931,06:31:08
24,1,1,706,239142913.931,06:32:11
24,1,1,643,236661768.4,06:33:17
24,1,1,566,235838852.864,06:34:19
24,1,1,448,235615708.452,06:35:23
24,1,1,768,235838852.864,06:36:26
24,1,1,844,235535670.678,06:37:25
24,1,1,628,235575833.307,06:38:28
24,1,1,441,235535670.678,06:39:32
24,1,1,434,235575833.307,06:40:36
24,1,1,455,235579439.174,06:41:40
24,1,1,663,235499401.401,06:42:42
25,1,1,831,332452037.901,06:43:45
25,1,1,559,330845574.589,06:44:45
25,1,1,754,330898730.621,06:45:47
25,1,1,713,333082997.129,06:46:49
25,1,1,706,333082997.129,06:47:52
25,1,1,643,332134523.754,06:48:57
25,1,1,566,330845574.589,06:49:58
25,1,1,448,330075080.182,06:51:00
25,1,1,768,330845574.589,06:52:02
25,1,1,844,330315240.853,06:52:59
25,1,1,628,329594428.807,06:53:59
25,1,1,441,330315240.853,06:55:02
25,1,1,434,330325337.48,06:56:04
25,1,1,455,330058563.4,06:57:06
25,1,1,663,330260337.938,06:58:07
26,1,1,831,205642416.29,06:59:13
26,1,1,559,209730871.38,07:00:16
26,1,1,754,209745906.312,07:01:22
26,1,1,713,206881233.113,07:02:26
26,1,1,706,206881233.113,07:03:29
26,1,1,643,205881354.872,07:04:37
26,1,1,566,209372090.088,07:05:39
26,1,1,448,209479770.706,07:06:45
26,1,1,768,209372090.088,07:07:49
26,1,1,844,209425280.5,07:08:48
26,1,1,628,209380147.151,07:09:51
26,1,1,441,209425280.5,07:10:57
26,1,1,434,209380147.151,07:12:02
26,1,1,455,209483359.05,07:13:08
26,1,1,663,209428873.535,07:14:12
27,1,1,831,213610845.12,07:15:18
27,1,1,559,211718165.199,07:16:20
27,1,1,754,211771023.294,07:17:25
27,1,1,713,214317368.826,07:18:28
27,1,1,706,214317368.826,07:19:31
27,1,1,643,213774612.673,07:20:39
27,1,1,566,211696764.152,07:21:41
27,1,1,448,212768272.88,07:22:46
27,1,1,768,211696764.152,07:23:50
27,1,1,844,212581707.816,07:24:49
27,1,1,628,212617896.515,07:25:53
27,1,1,441,212581707.816,07:26:58
27,1,1,434,212617896.515,07:28:04
27,1,1,455,212733420.999,07:29:09
27,1,1,663,212546832.857,07:30:13
28,1,1,831,284421004.92,07:31:17
28,1,1,559,283345464.724,07:32:18
28,1,1,754,283405367.109,07:33:21
28,1,1,713,285407636.753,07:34:24
28,1,1,706,285407636.753,07:35:27
28,1,1,643,284215698.743,07:36:34
28,1,1,566,283326728.8,07:37:35
28,1,1,448,282685893.719,07:38:39
28,1,1,768,283326728.8,07:39:41
28,1,1,844,282454874.836,07:40:39
28,1,1,628,282465847.791,07:41:42
28,1,1,441,282454874.836,07:42:45
28,1,1,434,282465847.791,07:43:49
28,1,1,455,282642528.777,07:44:53
28,1,1,663,282411497.354,07:45:55
29,1,1,831,279843909.903,07:46:59
29,1,1,559,278859234.631,07:48:00
29,1,1,754,278904532.769,07:49:04
29,1,1,713,280586802.978,07:50:07
29,1,1,706,280586802.978,07:51:10
29,1,1,643,279483631.723,07:52:17
29,1,1,566,278843270.984,07:53:18
29,1,1,448,278100571.439,07:54:22
29,1,1,768,278843270.984,07:55:25
29,1,1,844,278324613.825,07:56:23
29,1,1,628,278283889.822,07:57:25
29,1,1,441,278324613.825,07:58:28
29,1,1,434,278346203.903,07:59:32
29,1,1,455,278046602.162,08:00:35
29,1,1,663,278090010.369,08:01:37
30,1,1,831,239190584.67,08:02:42
30,1,1,559,238345693.979,08:03:44
30,1,1,754,238431922.615,08:04:47
30,1,1,713,240696095.056,08:05:50
30,1,1,706,240696095.056,08:06:52
30,1,1,643,239169246.245,08:08:00
30,1,1,566,238292001.192,08:09:01
30,1,1,448,238484781.283,08:10:05
30,1,1,768,238292001.192,08:11:09
30,1,1,844,238404501.826,08:12:06
30,1,1,628,238477921.45,08:13:09
30,1,1,441,238404501.826,08:14:13
30,1,1,434,238477921.45,08:15:17
30,1,1,455,237543055.091,08:16:21
30,1,1,663,237444467.149,08:17:24
31,1,1,831,147614158.538,08:18:31
31,1,1,559,149151199.434,08:19:37
31,1,1,754,149089769.271,08:20:43
31,1,1,713,149656758.617,08:21:48
31,1,1,706,149656758.617,08:22:52
31,1,1,643,146266670.607,08:24:02
31,1,1,566,148790865.573,08:25:06
31,1,1,448,145954160.923,08:26:13
31,1,1,768,148790865.573,08:27:18
31,1,1,844,145954160.923,08:28:19
31,1,1,628,145914696.397,08:29:24
31,1,1,441,145962031.775,08:30:31
31,1,1,434,145914696.397,08:31:39
31,1,1,455,145970190.791,08:32:46
31,1,1,663,145982862.37,08:33:52
32,1,1,831,258975767.139,08:34:57
32,1,1,559,257465730.841,08:35:58
32,1,1,754,257561472.191,08:37:02
32,1,1,713,259709565.375,08:38:05
32,1,1,706,259709565.375,08:39:09
32,1,1,643,258439465.222,08:40:17
32,1,1,566,257450374.083,08:41:18
32,1,1,448,257036766.214,08:42:22
32,1,1,768,257450374.083,08:43:26
32,1,1,844,256961461.078,08:44:24
32,1,1,628,257052212.418,08:45:28
32,1,1,441,256961461.078,08:46:32
32,1,1,434,257052212.418,08:47:37
32,1,1,455,256997063.106,08:48:41
32,1,1,663,256907298.114,08:49:44
33,1,1,831,139181035.877,08:50:52
33,1,1,559,141468912.214,08:51:58
33,1,1,754,141429004.604,08:53:05
33,1,1,713,138492372.233,08:54:11
33,1,1,706,138500092.998,08:55:16
33,1,1,643,139307582.257,08:56:27
33,1,1,566,141116992.119,08:57:31
33,1,1,448,138708631.191,08:58:38
33,1,1,768,141114870.637,08:59:44
33,1,1,844,138708631.191,09:00:45
33,1,1,628,138696128.99,09:01:50
33,1,1,441,138728437.24,09:02:58
33,1,1,434,138685659.705,09:04:05
33,1,1,455,138726936.744,09:05:13
33,1,1,663,138747703.35,09:06:19
34,1,1,831,137302592.766,09:07:25
34,1,1,559,138220537.244,09:08:30
34,1,1,754,138120733.349,09:09:36
34,1,1,713,139007612.392,09:10:41
34,1,1,706,139047321.062,09:11:46
34,1,1,643,139016842.469,09:12:54
34,1,1,566,138118937.495,09:14:00
34,1,1,448,136203648.022,09:15:06
34,1,1,768,138025018.463,09:16:14
34,1,1,844,136203648.022,09:17:15
34,1,1,628,136487204.752,09:18:20
34,1,1,441,136252542.032,09:19:27
34,1,1,434,136370465.505,09:20:35
34,1,1,455,137203642.754,09:21:41
34,1,1,663,136196706.971,09:22:46
35,1,1,831,199040641.568,09:23:52
35,1,1,559,197920713.583,09:24:55
35,1,1,754,197897056.239,09:25:59
35,1,1,713,195874125.918,09:27:03
35,1,1,706,195874125.918,09:28:07
35,1,1,643,195199050.785,09:29:15
35,1,1,566,197741257.926,09:30:17
35,1,1,448,193840110.069,09:31:23
35,1,1,768,197741257.926,09:32:27
35,1,1,844,193840110.069,09:33:27
35,1,1,628,193890390.718,09:34:31
35,1,1,441,193840110.069,09:35:37
35,1,1,434,193890390.718,09:36:43
35,1,1,455,193750779.508,09:37:48
35,1,1,663,193750779.508,09:38:52
36,1,1,831,164776343.735,09:40:00
36,1,1,559,167464472.816,09:41:04
36,1,1,754,167425100.338,09:42:09
36,1,1,713,166843807.402,09:43:15
36,1,1,706,166843807.402,09:44:20
36,1,1,643,165055750.783,09:45:30
36,1,1,566,167043578.301,09:46:31
36,1,1,448,164258354.812,09:47:39
36,1,1,768,167043578.301,09:48:43
36,1,1,844,164258354.812,09:49:44
36,1,1,628,164216387.03,09:50:49
36,1,1,441,164260901.216,09:51:57
36,1,1,434,164216387.03,09:53:05
36,1,1,455,164244681.036,09:54:12
36,1,1,663,164247421.406,09:55:18
37,1,1,831,315206170.11,09:56:22
37,1,1,559,313655872.15,09:57:22
37,1,1,754,313721041.728,09:58:25
37,1,1,713,316209971.953,09:59:27
37,1,1,706,316209971.953,10:00:29
37,1,1,643,314637500.855,10:01:35
37,1,1,566,313655872.15,10:02:36
37,1,1,448,312967630.662,10:03:39
37,1,1,768,313655872.15,10:04:41
37,1,1,844,312911696.346,10:05:38
37,1,1,628,312920563.275,10:06:39
37,1,1,441,312911696.346,10:07:42
37,1,1,434,312920563.275,10:08:44
37,1,1,455,312955564.572,10:09:47
37,1,1,663,312869880.022,10:10:48
38,1,1,831,174462042.229,10:11:55
38,1,1,559,173597914.658,10:12:59
38,1,1,754,173555333.627,10:14:03
38,1,1,713,173136602.533,10:15:07
38,1,1,706,173136602.533,10:16:11
38,1,1,643,173712377.801,10:17:20
38,1,1,566,173207655.717,10:18:22
38,1,1,448,173555677.907,10:19:28
38,1,1,768,173207655.717,10:20:32
38,1,1,844,173555677.907,10:21:32
38,1,1,628,173616208.614,10:22:37
38,1,1,441,173555677.907,10:23:43
38,1,1,434,173616208.614,10:24:50
38,1,1,455,173514810.368,10:25:57
38,1,1,663,173514810.368,10:27:02
39,1,1,831,166168107.007,10:28:09
39,1,1,559,165951249.855,10:29:13
39,1,1,754,165856449.946,10:30:18
39,1,1,713,167720271.602,10:31:24
39,1,1,706,167720271.602,10:32:30
39,1,1,643,166131318.901,10:33:40
39,1,1,566,165546122.312,10:34:42
39,1,1,448,165171323.63,10:35:49
39,1,1,768,165546103.715,10:36:53
39,1,1,844,165171323.63,10:37:54
39,1,1,628,165159619.836,10:39:00
39,1,1,441,165173951.723,10:40:08
39,1,1,434,165159619.836,10:41:16
39,1,1,455,165133914.31,10:42:23
39,1,1,663,165137091.372,10:43:29
40,1,1,831,141071207.988,10:44:38
40,1,1,559,143287115.833,10:45:45
40,1,1,754,143230744.568,10:46:53
40,1,1,713,143164689.295,10:47:59
40,1,1,706,143164689.295,10:49:06
40,1,1,643,140838858.922,10:50:17
40,1,1,566,142674645.968,10:51:20
40,1,1,448,144153064.569,10:52:29
40,1,1,768,142674645.968,10:53:35
40,1,1,844,144153064.569,10:54:37
40,1,1,628,144080145.952,10:55:44
40,1,1,441,144156034.672,10:56:53
40,1,1,434,144080145.952,10:58:01
40,1,1,455,144230976.284,10:59:11
40,1,1,663,144238345.759,11:00:19
41,1,1,831,227191075.056,11:01:25
41,1,1,559,225392343.975,11:02:27
41,1,1,754,225510534.022,11:03:31
41,1,1,713,227935924.673,11:04:35
41,1,1,706,227935924.673,11:05:39
41,1,1,643,226445043.002,11:06:47
41,1,1,566,225392343.975,11:07:49
41,1,1,448,225210127.313,11:08:55
41,1,1,768,225392343.975,11:09:59
41,1,1,844,224782832.151,11:10:59
41,1,1,628,224903584.556,11:12:03
41,1,1,441,224782832.151,11:13:09
41,1,1,434,224903584.556,11:14:15
41,1,1,455,225190424.738,11:15:21
41,1,1,663,224763137.346,11:16:25
42,1,1,831,194838525.249,11:17:31
42,1,1,559,197971789.892,11:18:34
42,1,1,754,198001130.884,11:19:39
42,1,1,713,196812238.159,11:20:43
42,1,1,706,196812238.159,11:21:48
42,1,1,643,195159010.498,11:22:57
42,1,1,566,197712723.55,11:23:59
42,1,1,448,194205871.549,11:25:05
42,1,1,768,197712723.55,11:26:09
42,1,1,844,194127778.733,11:27:09
42,1,1,628,194147571.591,11:28:13
42,1,1,441,194130699.832,11:29:19
42,1,1,434,194147571.591,11:30:26
42,1,1,455,194219598.31,11:31:32
42,1,1,663,194148407.69,11:32:37
43,1,1,831,149692660.048,11:33:45
43,1,1,559,151405687.225,11:34:51
43,1,1,754,151340240.542,11:35:58
43,1,1,713,151447496.051,11:37:04
43,1,1,706,151447496.051,11:38:10
43,1,1,643,148434521.512,11:39:20
43,1,1,566,150769163.705,11:40:23
43,1,1,448,148836978.762,11:41:30
43,1,1,768,150769163.705,11:42:35
43,1,1,844,148836978.762,11:43:36
43,1,1,628,148796859.516,11:44:41
43,1,1,441,148839610.515,11:45:48
43,1,1,434,148796859.516,11:46:55
43,1,1,455,148842396.475,11:48:02
43,1,1,663,148849062.303,11:49:08
44,1,1,831,114310132.669,11:50:17
44,1,1,559,116351291.994,11:51:25
44,1,1,754,116321007.608,11:52:34
44,1,1,713,114908815.381,11:53:41
44,1,1,706,114887367.373,11:54:48
44,1,1,643,113304894.403,11:56:00
44,1,1,566,116275276.374,11:57:06
44,1,1,448,113177941.478,11:58:16
44,1,1,768,116225527.194,11:59:24
44,1,1,844,113177941.478,12:00:27
44,1,1,628,113209228.711,12:01:35
44,1,1,441,113174357.512,12:02:44
44,1,1,434,113181762.418,12:03:54
44,1,1,455,112818613.604,12:05:03
44,1,1,663,113197962.547,12:06:11
45,1,1,831,239790322.87,12:07:16
45,1,1,559,238162656.44,12:08:18
45,1,1,754,238306749.475,12:09:22
45,1,1,713,240571886.86,12:10:26
45,1,1,706,240571886.86,12:11:29
45,1,1,643,239197969.589,12:12:38
45,1,1,566,238162656.44,12:13:39
45,1,1,448,237952544.622,12:14:44
45,1,1,768,238162656.44,12:15:48
45,1,1,844,237475749.786,12:16:47
45,1,1,628,237532694.505,12:17:51
45,1,1,441,237475749.786,12:18:56
45,1,1,434,237532694.505,12:20:02
45,1,1,455,237935958.314,12:21:07
45,1,1,663,237459166.133,12:22:11
46,1,1,831,198116423.663,12:23:17
46,1,1,559,197840033.947,12:24:19
46,1,1,754,197875877.576,12:25:23
46,1,1,713,201119320.194,12:26:26
46,1,1,706,201119320.194,12:27:30
46,1,1,643,198660817.547,12:28:38
46,1,1,566,197680702.643,12:29:39
46,1,1,448,198505058.25,12:30:45
46,1,1,768,197680702.643,12:31:48
46,1,1,844,198488534.169,12:32:48
46,1,1,628,198530206.532,12:33:52
46,1,1,441,198488534.169,12:34:58
46,1,1,434,198530206.532,12:36:05
46,1,1,455,198393116.51,12:37:10
46,1,1,663,198376581.317,12:38:14
47,1,1,831,157625417.519,12:39:23
47,1,1,559,156899105.801,12:40:27
47,1,1,754,156797525.79,12:41:33
47,1,1,713,158866384.377,12:42:38
47,1,1,706,158871249.499,12:43:44
47,1,1,643,157617834.965,12:44:54
47,1,1,566,156443451.55,12:45:57
47,1,1,448,156502095.499,12:47:05
47,1,1,768,156443451.55,12:48:10
47,1,1,844,156470781.223,12:49:11
47,1,1,628,156419682.896,12:50:18
47,1,1,441,156477695.348,12:51:26
47,1,1,434,156419682.896,12:52:35
47,1,1,455,156459577.259,12:53:43
47,1,1,663,156434804.741,12:54:49
48,1,1,831,131280213.765,12:55:56
48,1,1,559,133868429.302,12:57:01
48,1,1,754,133684646.474,12:58:07
48,1,1,713,132724540.672,12:59:12
48,1,1,706,132761072.871,13:00:18
48,1,1,643,131678633.358,13:01:27
48,1,1,566,133680901.865,13:02:32
48,1,1,448,130869140.246,13:03:40
48,1,1,768,133575548.187,13:04:46
48,1,1,844,130869140.246,13:05:48
48,1,1,628,131152365.706,13:06:54
48,1,1,441,130955098.762,13:08:02
48,1,1,434,131049562.049,13:09:10
48,1,1,455,132954956.017,13:10:17
48,1,1,663,130843181.561,13:11:23
49,1,1,831,95827466.892,13:12:34
49,1,1,559,96647199.093,13:13:43
49,1,1,754,96360433.237,13:14:54
49,1,1,713,97457649.235,13:16:02
49,1,1,706,97442207.873,13:17:11
49,1,1,643,97121411.367,13:18:26
49,1,1,566,96046630.38,13:19:34
49,1,1,448,95335625.389,13:20:45
49,1,1,768,96306879.73,13:21:55
49,1,1,844,95293765.611,13:23:00
49,1,1,628,95433578.51,13:24:08
49,1,1,441,95246201.889,13:25:19
49,1,1,434,95405975.499,13:26:30
49,1,1,455,95929692.918,13:27:41
49,1,1,663,95309165.662,13:28:50
50,1,1,831,126001041.746,13:29:56
50,1,1,559,126991278.123,13:31:02
50,1,1,754,126837344.305,13:32:09
50,1,1,713,127166027.991,13:33:14
50,1,1,706,127205948.606,13:34:20
50,1,1,643,126180944.219,13:35:29
50,1,1,566,126602926.442,13:36:33
50,1,1,448,125571113.38,13:37:41
50,1,1,768,126611538.058,13:38:47
50,1,1,844,125571113.38,13:39:49
50,1,1,628,125757496.26,13:40:55
50,1,1,441,125611591.407,13:42:03
50,1,1,434,125672115.874,13:43:11
50,1,1,455,125077518.67,13:44:18
50,1,1,663,125544319.214,13:45:24
51,1,1,831,250814698.048,13:46:28
51,1,1,559,249807318.245,13:47:30
51,1,1,754,249864571.838,13:48:34
51,1,1,713,252171807.185,13:49:36
51,1,1,706,252171807.185,13:50:39
51,1,1,643,250730240.966,13:51:45
51,1,1,566,249709208.501,13:52:47
51,1,1,448,249352902.263,13:53:50
51,1,1,768,249709208.501,13:54:53
51,1,1,844,249042586.512,13:55:52
51,1,1,628,249043494.887,13:56:54
51,1,1,441,249042586.512,13:57:58
51,1,1,434,249043494.887,13:59:02
51,1,1,455,249321540.846,14:00:06
51,1,1,663,249011203.243,14:01:08
52,1,1,831,258491337.254,14:02:13
52,1,1,559,256769685.533,14:03:14
52,1,1,754,256939160.071,14:04:18
52,1,1,713,259485148.379,14:05:21
52,1,1,706,259485148.379,14:06:24
52,1,1,643,257747615.064,14:07:32
52,1,1,566,256769685.533,14:08:33
52,1,1,448,256417840.308,14:09:38
52,1,1,768,256769685.533,14:10:41
52,1,1,844,256042065.368,14:11:40
52,1,1,628,256068915.409,14:12:43
52,1,1,441,256042065.368,14:13:47
52,1,1,434,256068915.409,14:14:52
52,1,1,455,256420956.409,14:15:56
52,1,1,663,256045181.47,14:16:59
53,1,1,831,383943609.234,14:18:02
53,1,1,559,376849817.048,14:19:02
53,1,1,754,376899640.036,14:20:03
53,1,1,713,384573668.884,14:21:05
53,1,1,706,384573668.884,14:22:06
53,1,1,643,379751344.511,14:23:11
53,1,1,566,376849817.048,14:24:11
53,1,1,448,376587248.201,14:25:13
53,1,1,768,376854308.754,14:26:14
53,1,1,844,376533348.076,14:27:10
53,1,1,628,385271227.592,14:28:12
53,1,1,441,376533348.076,14:29:13
53,1,1,434,376542209.961,14:30:15
53,1,1,455,376570279.633,14:31:17
53,1,1,663,376149771.014,14:32:17
54,1,1,831,156485257.915,14:33:24
54,1,1,559,158561616.703,14:34:29
54,1,1,754,158405904.266,14:35:34
54,1,1,713,156965420.789,14:36:39
54,1,1,706,156984929.216,14:37:44
54,1,1,643,159844390.262,14:38:52
54,1,1,566,158349896.071,14:39:56
54,1,1,448,155699500.709,14:41:03
54,1,1,768,158338659.77,14:42:09
54,1,1,844,155699500.709,14:43:09
54,1,1,628,155786534.104,14:44:15
54,1,1,441,155727042.968,14:45:22
54,1,1,434,155767693.021,14:46:30
54,1,1,455,158580165.149,14:47:37
54,1,1,663,155618791.596,14:48:42
55,1,1,831,254591347.701,14:49:47
55,1,1,559,254081001.896,14:50:49
55,1,1,754,254021992.277,14:51:53
55,1,1,713,255588291.776,14:52:57
55,1,1,706,255588291.776,14:54:01
55,1,1,643,254493378.461,14:55:08
55,1,1,566,254013901.802,14:56:10
55,1,1,448,253219376.297,14:57:14
55,1,1,768,254013901.802,14:58:18
55,1,1,844,253531733.879,14:59:17
55,1,1,628,253581572.496,15:00:20
55,1,1,441,253531733.879,15:01:25
55,1,1,434,253581572.496,15:02:30
55,1,1,455,253137326.662,15:03:34
55,1,1,663,253447750.94,15:04:37
56,1,1,831,164669167.134,15:05:43
56,1,1,559,164171625.349,15:06:48
56,1,1,754,164115068.192,15:07:53
56,1,1,713,163564554.387,15:08:58
56,1,1,706,163578675.562,15:10:02
56,1,1,643,164472622.643,15:11:12
56,1,1,566,163974781.213,15:12:16
56,1,1,448,163205505.402,15:13:24
56,1,1,768,163967273.164,15:14:29
56,1,1,844,163205505.402,15:15:31
56,1,1,628,163263230.879,15:16:38
56,1,1,441,163210970.008,15:17:46
56,1,1,434,163258925.342,15:18:54
56,1,1,455,163128978.356,15:20:02
56,1,1,663,163158464.069,15:21:08
57,1,1,831,319271807.319,15:22:11
57,1,1,559,318255612.552,15:23:12
57,1,1,754,318280254.619,15:24:15
57,1,1,713,319995252.842,15:25:17
57,1,1,706,319995252.842,15:26:20
57,1,1,643,318896121.92,15:27:26
57,1,1,566,318255612.552,15:28:26
57,1,1,448,317483465.875,15:29:28
57,1,1,768,318255612.552,15:30:31
57,1,1,844,316941549.662,15:31:28
57,1,1,628,316935941.865,15:32:28
57,1,1,441,316941549.662,15:33:31
57,1,1,434,316935941.865,15:34:33
57,1,1,455,317486585.898,15:35:35
57,1,1,663,316950575.905,15:36:36
58,1,1,831,338180860.271,15:37:39
58,1,1,559,337804895.157,15:38:39
58,1,1,754,337784302.838,15:39:41
58,1,1,713,338920170.603,15:40:43
58,1,1,706,338920170.603,15:41:45
58,1,1,643,338306326.08,15:42:51
58,1,1,566,337745976.809,15:43:51
58,1,1,448,336828159.003,15:44:54
58,1,1,768,337745976.809,15:45:55
58,1,1,844,337331584.629,15:46:52
58,1,1,628,337351543.826,15:47:54
58,1,1,441,337331584.629,15:48:57
58,1,1,434,337351543.826,15:50:00
58,1,1,455,336782888.198,15:51:03
58,1,1,663,337184345.815,15:52:05
59,1,1,831,279079621.879,15:53:10
59,1,1,559,277699588.804,15:54:11
59,1,1,754,277687280.253,15:55:14
59,1,1,713,280048994.018,15:56:17
59,1,1,706,280048994.018,15:57:21
59,1,1,643,278957059.644,15:58:28
59,1,1,566,277699588.804,15:59:30
59,1,1,448,277197034.11,16:00:34
59,1,1,768,277699588.804,16:01:38
59,1,1,844,277086618.737,16:02:36
59,1,1,628,275226031.095,16:03:40
59,1,1,441,277086618.737,16:04:45
59,1,1,434,277152745.965,16:05:50
59,1,1,455,277089152.949,16:06:54
59,1,1,663,277003925.781,16:07:57
60,1,1,831,211074049.496,16:09:03
60,1,1,559,209611475.335,16:10:05
60,1,1,754,209663385.562,16:11:10
60,1,1,713,210314299.336,16:12:13
60,1,1,706,210314299.336,16:13:17
60,1,1,643,210989283.056,16:14:25
60,1,1,566,209448549.211,16:15:27
60,1,1,448,207138402.895,16:16:32
60,1,1,768,209448549.211,16:17:36
60,1,1,844,207110364.488,16:18:35
60,1,1,628,207172455.451,16:19:39
60,1,1,441,207110364.488,16:20:44
60,1,1,434,207172455.451,16:21:50
60,1,1,455,207104506.526,16:22:55
60,1,1,663,207076468.119,16:23:59
61,1,1,831,136416310.332,16:25:07
61,1,1,559,137933365.058,16:26:14
61,1,1,754,137832365.722,16:27:21
61,1,1,713,136320352.751,16:28:26
61,1,1,706,136330767.993,16:29:32
61,1,1,643,136203433.219,16:30:43
61,1,1,566,137623686.205,16:31:47
61,1,1,448,136066535.032,16:32:55
61,1,1,768,137623686.205,16:34:02
61,1,1,844,136066535.032,16:35:03
61,1,1,628,136047164.743,16:36:10
61,1,1,441,136086761.528,16:37:18
61,1,1,434,136035653.68,16:38:26
61,1,1,455,136042451.824,16:39:34
61,1,1,663,136076205.905,16:40:41
62,1,1,831,183309016.796,16:41:48
62,1,1,559,181924181.886,16:42:51
62,1,1,754,181876008.041,16:43:55
62,1,1,713,186032943.113,16:45:00
62,1,1,706,186032943.113,16:46:04
62,1,1,643,183102822.589,16:47:14
62,1,1,566,181624859.004,16:48:15
62,1,1,448,183994383.418,16:49:22
62,1,1,768,181624859.004,16:50:25
62,1,1,844,183994383.418,16:51:25
62,1,1,628,183992386.929,16:52:30
62,1,1,441,183994383.418,16:53:37
62,1,1,434,183992386.929,16:54:44
62,1,1,455,183956067.816,16:55:50
62,1,1,663,183956067.816,16:56:55
63,1,1,831,291945656.131,16:57:59
63,1,1,559,291008109.614,16:59:00
63,1,1,754,291020801.141,17:00:03
63,1,1,713,293069348.861,17:01:07
63,1,1,706,293069348.861,17:02:10
63,1,1,643,291745162.13,17:03:16
63,1,1,566,291008109.614,17:04:17
63,1,1,448,290124651.455,17:05:21
63,1,1,768,291008109.614,17:06:24
63,1,1,844,289928989.533,17:07:21
63,1,1,628,289959738.065,17:08:23
63,1,1,441,289928989.533,17:09:26
63,1,1,434,289959738.065,17:10:29
63,1,1,455,290087965.884,17:11:32
63,1,1,663,289892288.271,17:12:34
64,1,1,831,120224338.545,17:13:43
64,1,1,559,120201450.872,17:14:50
64,1,1,754,120532729.765,17:15:59
64,1,1,713,119648360.263,17:17:07
64,1,1,706,119629590.285,17:18:14
64,1,1,643,120653381.346,17:19:27
64,1,1,566,120138727.987,17:20:34
64,1,1,448,119799154.367,17:21:44
64,1,1,768,120080975.221,17:22:52
64,1,1,844,119849975.785,17:23:57
64,1,1,628,120035360.657,17:25:05
64,1,1,441,119956421.085,17:26:16
64,1,1,434,119880441.466,17:27:27
64,1,1,455,119978835.219,17:28:37
64,1,1,663,119837609.089,17:29:47
65,1,1,831,181663771.95,17:30:53
65,1,1,559,180850708.762,17:31:57
65,1,1,754,180821924.998,17:33:01
65,1,1,713,183210538.064,17:34:05
65,1,1,706,183210538.064,17:35:08
65,1,1,643,181456132.663,17:36:18
65,1,1,566,180502491.024,17:37:19
65,1,1,448,181093612.856,17:38:25
65,1,1,768,180502491.024,17:39:29
65,1,1,844,181093612.856,17:40:29
65,1,1,628,181141586.807,17:41:35
65,1,1,441,181093612.856,17:42:41
65,1,1,434,181141586.807,17:43:48
65,1,1,455,181052933.024,17:44:55
65,1,1,663,181052933.024,17:46:00
66,1,1,831,133650533.124,17:47:09
66,1,1,559,133547485.693,17:48:15
66,1,1,754,133407455.673,17:49:22
66,1,1,713,134846962.357,17:50:30
66,1,1,706,134827396.162,17:51:37
66,1,1,643,133825793.304,17:52:49
66,1,1,566,133333043.551,17:53:54
66,1,1,448,133339138.866,17:55:04
66,1,1,768,133288961.371,17:56:11
66,1,1,844,133339138.866,17:57:14
66,1,1,628,133345304.53,17:58:22
66,1,1,441,133347407.648,17:59:32
66,1,1,434,133358817.787,18:00:42
66,1,1,455,132989232.718,18:01:51
66,1,1,663,133282370.704,18:02:59
67,1,1,831,151788148.117,18:04:07
67,1,1,559,150809817.381,18:05:11
67,1,1,754,150740227.088,18:06:16
67,1,1,713,152872594.057,18:07:21
67,1,1,706,152893483.872,18:08:27
67,1,1,643,151809720.639,18:09:37
67,1,1,566,150678537.531,18:10:41
67,1,1,448,150312994.044,18:11:48
67,1,1,768,150661062.239,18:12:54
67,1,1,844,150312994.044,18:13:55
67,1,1,628,150443039.794,18:15:01
67,1,1,441,150339834.323,18:16:08
67,1,1,434,150415729.182,18:17:16
67,1,1,455,150115558.581,18:18:24
67,1,1,663,150291640.464,18:19:29
68,1,1,831,128428152.103,18:20:37
68,1,1,559,130270392.798,18:21:42
68,1,1,754,130219272.619,18:22:49
68,1,1,713,128893854.946,18:23:55
68,1,1,706,128898974.934,18:25:00
68,1,1,643,128745946.357,18:26:10
68,1,1,566,129996170.232,18:27:14
68,1,1,448,127234032.725,18:28:22
68,1,1,768,129946611.34,18:29:29
68,1,1,844,127234032.725,18:30:30
68,1,1,628,127390124.134,18:31:36
68,1,1,441,127275134.252,18:32:44
68,1,1,434,127303529.102,18:33:52
68,1,1,455,126962062.66,18:34:59
68,1,1,663,127248900.831,18:36:05
69,1,1,831,115173792.084,18:37:15
69,1,1,559,114817720.257,18:38:22
69,1,1,754,114868886.61,18:39:31
69,1,1,713,116815294.423,18:40:39
69,1,1,706,116822014.859,18:41:47
69,1,1,643,115039628.266,18:42:59
69,1,1,566,114760131.089,18:44:05
69,1,1,448,115254605.156,18:45:14
69,1,1,768,114622436.758,18:46:23
69,1,1,844,115084330.939,18:47:27
69,1,1,628,115235092.829,18:48:36
69,1,1,441,115079613.211,18:49:47
69,1,1,434,115162872.779,18:50:58
69,1,1,455,114957057.736,18:52:08
69,1,1,663,115057833.649,18:53:17
70,1,1,831,104251077.188,18:54:27
70,1,1,559,105947883.936,18:55:32
70,1,1,754,104536932.658,18:56:39
70,1,1,713,105467345.129,18:57:46
70,1,1,706,105555172.168,18:58:53
70,1,1,643,104584351.427,19:00:04
70,1,1,566,104371657.342,19:01:11
70,1,1,448,103448987.019,19:02:20
70,1,1,768,103792535.591,19:03:27
70,1,1,844,103258080.709,19:04:31
70,1,1,628,103682887.492,19:05:38
70,1,1,441,103459157.722,19:06:48
70,1,1,434,103441472.549,19:07:57
70,1,1,455,103111489.1,19:09:06
70,1,1,663,103320379.068,19:10:14
71,1,1,831,160856433.243,19:11:21
71,1,1,559,163681971.745,19:12:25
71,1,1,754,163568569.709,19:13:30
71,1,1,713,162175199.288,19:14:35
71,1,1,706,162175199.288,19:15:39
71,1,1,643,164895257.275,19:16:48
71,1,1,566,163620087.626,19:17:51
71,1,1,448,163310201.163,19:18:58
71,1,1,768,163620087.626,19:20:03
71,1,1,844,163310201.163,19:21:05
71,1,1,628,163342601.615,19:22:11
71,1,1,441,163322342.578,19:23:19
71,1,1,434,163340238.85,19:24:27
71,1,1,455,163239472.476,19:25:34
71,1,1,663,163256576.888,19:26:40
72,1,1,831,182230760.071,19:27:47
72,1,1,559,183818918.798,19:28:51
72,1,1,754,183737939.075,19:29:56
72,1,1,713,183472643.498,19:31:01
72,1,1,706,183472643.498,19:32:06
72,1,1,643,182048842.264,19:33:14
72,1,1,566,183480925.764,19:34:17
72,1,1,448,180900821.542,19:35:23
72,1,1,768,183480925.764,19:36:28
72,1,1,844,180913087.874,19:37:28
72,1,1,628,180901558.91,19:38:33
72,1,1,441,180913087.874,19:39:40
72,1,1,434,180901558.91,19:40:47
72,1,1,455,180821885.876,19:41:54
72,1,1,663,180834143.98,19:42:59
73,1,1,831,173632274.221,19:44:06
73,1,1,559,172708834.089,19:45:09
73,1,1,754,172603789.434,19:46:14
73,1,1,713,177010052.687,19:47:18
73,1,1,706,177010052.687,19:48:21
73,1,1,643,173757397.609,19:49:30
73,1,1,566,172536705.729,19:50:32
73,1,1,448,174483572.19,19:51:39
73,1,1,768,172536705.729,19:52:42
73,1,1,844,174483572.19,19:53:42
73,1,1,628,174459021.706,19:54:48
73,1,1,441,174483572.19,19:55:55
73,1,1,434,174459021.706,19:57:02
73,1,1,455,174407474.786,19:58:08
73,1,1,663,174407474.786,19:59:14
74,1,1,831,213902412.427,20:00:19
74,1,1,559,213043494.483,20:01:22
74,1,1,754,213005788.357,20:02:26
74,1,1,713,214829676.818,20:03:30
74,1,1,706,214829676.818,20:04:34
74,1,1,643,213635226.209,20:05:42
74,1,1,566,212962546.706,20:06:44
74,1,1,448,212631045.128,20:07:51
74,1,1,768,212962546.706,20:08:55
74,1,1,844,212604900.755,20:09:55
74,1,1,628,212446739.234,20:11:00
74,1,1,441,212604900.755,20:12:07
74,1,1,434,212653741.811,20:13:14
74,1,1,455,212471258.652,20:14:20
74,1,1,663,212442123.866,20:15:24
75,1,1,831,237053219.171,20:16:28
75,1,1,559,235513196.647,20:17:31
75,1,1,754,235594605.481,20:18:35
75,1,1,713,234461289.414,20:19:39
75,1,1,706,234461289.414,20:20:42
75,1,1,643,237012659.846,20:21:49
75,1,1,566,235325284.368,20:22:50
75,1,1,448,236472098.54,20:23:54
75,1,1,768,235325284.368,20:24:58
75,1,1,844,236270231.223,20:25:56
75,1,1,628,236273252.31,20:26:59
75,1,1,441,236270231.223,20:28:03
75,1,1,434,236273252.31,20:29:07
75,1,1,455,236464758.973,20:30:11
75,1,1,663,236262894.181,20:31:14
76,1,1,831,108572424.48,20:32:24
76,1,1,559,109358116.054,20:33:31
76,1,1,754,109264711.536,20:34:39
76,1,1,713,109610455.001,20:35:46
76,1,1,706,109689807.685,20:36:54
76,1,1,643,108611996.75,20:38:06
76,1,1,566,109176595.265,20:39:13
76,1,1,448,108232831.901,20:40:22
76,1,1,768,109100223.064,20:41:30
76,1,1,844,108239502.291,20:42:34
76,1,1,628,108312838.659,20:43:42
76,1,1,441,108235523.489,20:44:51
76,1,1,434,108279958.841,20:46:01
76,1,1,455,108264424.651,20:47:11
76,1,1,663,108263133.923,20:48:19
77,1,1,831,334351847.753,20:49:21
77,1,1,559,331732881.633,20:50:22
77,1,1,754,331744401.995,20:51:23
77,1,1,713,335294432.05,20:52:26
77,1,1,706,335294432.05,20:53:28
77,1,1,643,333754740.497,20:54:33
77,1,1,566,331732881.633,20:55:34
77,1,1,448,331511867.904,20:56:36
77,1,1,768,331732881.633,20:57:38
77,1,1,844,330844652.169,20:58:35
77,1,1,628,330841346.084,20:59:35
77,1,1,441,330844652.169,21:00:38
77,1,1,434,330841346.084,21:01:40
77,1,1,455,331514580.066,21:02:42
77,1,1,663,330839252.598,21:03:43
78,1,1,831,201287193.077,21:04:48
78,1,1,559,200407365.94,21:05:49
78,1,1,754,200379616.715,21:06:52
78,1,1,713,202752600.946,21:07:56
78,1,1,706,202752600.946,21:08:59
78,1,1,643,201279516.466,21:10:07
78,1,1,566,200355406.111,21:11:08
78,1,1,448,199814978.693,21:12:13
78,1,1,768,200355171.732,21:13:16
78,1,1,844,199800406.809,21:14:16
78,1,1,628,199898500.782,21:15:21
78,1,1,441,199803039.4,21:16:27
78,1,1,434,199898087.735,21:17:34
78,1,1,455,199648097.53,21:18:39
78,1,1,663,199697544.185,21:19:43
79,1,1,831,130836700.0,21:20:52
79,1,1,559,130905344.566,21:21:58
79,1,1,754,130826637.493,21:23:05
79,1,1,713,130616488.726,21:24:11
79,1,1,706,130638048.681,21:25:16
79,1,1,643,130631857.857,21:26:27
79,1,1,566,130831181.379,21:27:32
79,1,1,448,130186494.501,21:28:41
79,1,1,768,130806883.566,21:29:48
79,1,1,844,130186494.501,21:30:51
79,1,1,628,130233118.719,21:31:58
79,1,1,441,130193127.655,21:33:06
79,1,1,434,130202443.402,21:34:16
79,1,1,455,130185366.674,21:35:25
79,1,1,663,130216640.857,21:36:32
80,1,1,831,295026521.174,21:37:36
80,1,1,559,294330230.513,21:38:37
80,1,1,754,294354406.948,21:39:40
80,1,1,713,295830250.343,21:40:43
80,1,1,706,295830250.343,21:41:46
80,1,1,643,295172521.734,21:42:53
80,1,1,566,294330230.513,21:43:53
80,1,1,448,293443160.283,21:44:57
80,1,1,768,294330230.513,21:46:00
80,1,1,844,293493955.209,21:46:57
80,1,1,628,293531176.356,21:47:59
80,1,1,441,293493955.209,21:49:02
80,1,1,434,293531176.356,21:50:05
80,1,1,455,293401221.502,21:51:08
80,1,1,663,293452001.741,21:52:09
81,1,1,831,174932208.897,21:53:16
81,1,1,559,173475984.592,21:54:20
81,1,1,754,173429279.017,21:55:25
81,1,1,713,176066277.19,21:56:30
81,1,1,706,176071488.21,21:57:35
81,1,1,643,174884130.836,21:58:44
81,1,1,566,173225895.331,21:59:46
81,1,1,448,174443743.845,22:00:53
81,1,1,768,173225895.331,22:01:57
81,1,1,844,174350433.15,22:02:58
81,1,1,628,174388002.448,22:04:04
81,1,1,441,174358857.201,22:05:11
81,1,1,434,174382999.063,22:06:18
81,1,1,455,174372396.028,22:07:25
81,1,1,663,174290783.387,22:08:31
82,1,1,831,157608195.022,22:09:37
82,1,1,559,156374361.426,22:10:41
82,1,1,754,156391286.293,22:11:46
82,1,1,713,158175130.941,22:12:50
82,1,1,706,158208243.189,22:13:55
82,1,1,643,157044922.387,22:15:04
82,1,1,566,156566018.303,22:16:08
82,1,1,448,155924700.749,22:17:15
82,1,1,768,156555917.767,22:18:21
82,1,1,844,155617622.397,22:19:22
82,1,1,628,155788413.998,22:20:29
82,1,1,441,155671246.006,22:21:36
82,1,1,434,155758052.399,22:22:44
82,1,1,455,155843547.156,22:23:51
82,1,1,663,155580900.298,22:24:56
83,1,1,831,86596618.538,22:26:07
83,1,1,559,86864020.581,22:27:15
83,1,1,754,86795593.139,22:28:25
83,1,1,713,88079134.254,22:29:34
83,1,1,706,88059436.095,22:30:43
83,1,1,643,87052939.107,22:31:57
83,1,1,566,86855389.923,22:33:05
83,1,1,448,86450629.689,22:34:17
83,1,1,768,86628602.9,22:35:27
83,1,1,844,86240787.67,22:36:33
83,1,1,628,86533355.493,22:37:44
83,1,1,441,86252622.755,22:38:56
83,1,1,434,86415671.3,22:40:08
83,1,1,455,85661262.806,22:41:20
83,1,1,663,86420718.788,22:42:30
84,1,1,831,106299007.956,22:43:41
84,1,1,559,106324350.78,22:44:50
84,1,1,754,106340575.668,22:46:01
84,1,1,713,107400523.464,22:47:09
84,1,1,706,107346603.123,22:48:18
84,1,1,643,106576589.212,22:49:32
84,1,1,566,106457997.986,22:50:39
84,1,1,448,105363727.654,22:51:50
84,1,1,768,106326780.166,22:53:00
84,1,1,844,105397753.37,22:54:04
84,1,1,628,105386495.836,22:55:13
84,1,1,441,105357546.016,22:56:23
84,1,1,434,105994140.574,22:57:34
84,1,1,455,105928472.854,22:58:44
84,1,1,663,105385109.059,22:59:53
85,1,1,831,226038968.465,23:00:59
85,1,1,559,224857227.362,23:02:01
85,1,1,754,224980632.273,23:03:05
85,1,1,713,227362518.686,23:04:07
85,1,1,706,227362518.686,23:05:10
85,1,1,643,225892880.579,23:06:18
85,1,1,566,224845065.416,23:07:20
85,1,1,448,221540986.726,23:08:24
85,1,1,768,224845065.416,23:09:28
85,1,1,844,221540986.726,23:10:26
85,1,1,628,221500124.622,23:11:29
85,1,1,441,221540986.726,23:12:34
85,1,1,434,221500124.622,23:13:39
85,1,1,455,221481042.986,23:14:43
85,1,1,663,221481042.986,23:15:45
86,1,1,831,294180594.468,23:16:49
86,1,1,559,293740003.198,23:17:50
86,1,1,754,293691066.988,23:18:52
86,1,1,713,286579804.772,23:19:54
86,1,1,706,286579804.772,23:20:56
86,1,1,643,293921939.876,23:22:01
86,1,1,566,293706601.445,23:23:02
86,1,1,448,284413363.457,23:24:05
86,1,1,768,293706601.445,23:25:07
86,1,1,844,284375308.108,23:26:04
86,1,1,628,283688614.618,23:27:06
86,1,1,441,284375308.108,23:28:08
86,1,1,434,284423307.131,23:29:12
86,1,1,455,284332683.876,23:30:14
86,1,1,663,284290376.788,23:31:15
87,1,1,831,185509499.995,23:32:21
87,1,1,559,189484603.369,23:33:23
87,1,1,754,189444994.352,23:34:27
87,1,1,713,187860045.77,23:35:31
87,1,1,706,187865990.728,23:36:35
87,1,1,643,185347653.113,23:37:43
87,1,1,566,189781047.553,23:38:45
87,1,1,448,184082796.427,23:39:49
87,1,1,768,189763039.487,23:40:53
87,1,1,844,184082796.427,23:41:52
87,1,1,628,184135240.922,23:42:56
87,1,1,441,184098514.029,23:44:01
87,1,1,434,184127445.966,23:45:07
87,1,1,455,183794701.924,23:46:12
87,1,1,663,184086784.468,23:47:16
88,1,1,831,240415013.269,23:48:22
88,1,1,559,238954829.285,23:49:23
88,1,1,754,239093370.489,23:50:27
88,1,1,713,241132517.318,23:51:30
88,1,1,706,241132517.318,23:52:34
88,1,1,643,240085852.909,23:53:42
88,1,1,566,238954829.285,23:54:43
88,1,1,448,238749653.693,23:55:48
88,1,1,768,238954829.285,23:56:52
88,1,1,844,238194777.892,23:57:51
88,1,1,628,238245326.141,23:58:54
88,1,1,441,238194777.892,23:59:59
88,1,1,434,238245326.141,24:01:04
88,1,1,455,238716826.672,24:02:09
88,1,1,663,238161043.726,24:03:13
89,1,1,831,256721130.12,24:04:17
89,1,1,559,255893047.368,24:05:19
89,1,1,754,255973911.876,24:06:22
89,1,1,713,257273589.25,24:07:25
89,1,1,706,257273589.25,24:08:29
89,1,1,643,256497745.607,24:09:36
89,1,1,566,255893047.368,24:10:37
89,1,1,448,255300744.208,24:11:41
89,1,1,768,255893047.368,24:12:45
89,1,1,844,255080619.47,24:13:43
89,1,1,628,254953003.063,24:14:46
89,1,1,441,255080619.47,24:15:50
89,1,1,434,255160897.103,24:16:55
89,1,1,455,255267756.954,24:17:59
89,1,1,663,255039897.901,24:19:02
90,1,1,831,231432445.735,24:20:07
90,1,1,559,230007831.375,24:21:09
90,1,1,754,230106415.48,24:22:13
90,1,1,713,232447427.77,24:23:16
90,1,1,706,232447427.77,24:24:20
90,1,1,643,230930545.366,24:25:28
90,1,1,566,229962030.587,24:26:29
90,1,1,448,229571765.015,24:27:34
90,1,1,768,229962030.587,24:28:38
90,1,1,844,229274477.956,24:29:38
90,1,1,628,229336169.436,24:30:42
90,1,1,441,229274477.956,24:31:47
90,1,1,434,229336169.436,24:32:53
90,1,1,455,229510069.897,24:33:58
90,1,1,663,229212747.396,24:35:02
91,1,1,831,102674279.675,24:36:13
91,1,1,559,102776609.108,24:37:21
91,1,1,754,102579855.199,24:38:31
91,1,1,713,104023345.255,24:39:38
91,1,1,706,102933069.824,24:40:45
91,1,1,643,103118038.162,24:41:59
91,1,1,566,102457081.532,24:43:06
91,1,1,448,101469278.467,24:44:16
91,1,1,768,102451818.54,24:45:25
91,1,1,844,101417653.923,24:46:29
91,1,1,628,101514206.334,24:47:37
91,1,1,441,101396214.891,24:48:47
91,1,1,434,101519704.747,24:49:57
91,1,1,455,102289200.572,24:51:07
91,1,1,663,101444987.367,24:52:15
92,1,1,831,113230529.707,24:53:23
92,1,1,559,114495798.396,24:54:28
92,1,1,754,114379115.139,24:55:35
92,1,1,713,114488132.181,24:56:41
92,1,1,706,114534170.937,24:57:48
92,1,1,643,112310107.233,24:58:58
92,1,1,566,112512041.118,25:00:04
92,1,1,448,112488278.417,25:01:13
92,1,1,768,112486524.297,25:02:21
92,1,1,844,112488278.417,25:03:23
92,1,1,628,112643817.119,25:04:31
92,1,1,441,112542243.329,25:05:39
92,1,1,434,112576799.344,25:06:49
92,1,1,455,112503524.109,25:07:57
92,1,1,663,112524017.127,25:09:04
93,1,1,831,106303100.846,25:10:13
93,1,1,559,105751813.24,25:11:19
93,1,1,754,105529788.238,25:12:26
93,1,1,713,106445620.019,25:13:31
93,1,1,706,106529673.429,25:14:37
93,1,1,643,106068359.671,25:15:48
93,1,1,566,105799719.219,25:16:56
93,1,1,448,104261466.766,25:18:04
93,1,1,768,105679809.701,25:19:14
93,1,1,844,104261466.766,25:20:16
93,1,1,628,104599233.77,25:21:23
93,1,1,441,104315958.149,25:22:31
93,1,1,434,104435044.215,25:23:40
93,1,1,455,104723046.931,25:24:50
93,1,1,663,104259271.061,25:25:57
94,1,1,831,220056606.948,25:27:03
94,1,1,559,219089712.185,25:28:05
94,1,1,754,219176977.378,25:29:09
94,1,1,713,221132535.614,25:30:11
94,1,1,706,221132535.614,25:31:14
94,1,1,643,220037115.401,25:32:23
94,1,1,566,219047549.885,25:33:25
94,1,1,448,218860103.31,25:34:29
94,1,1,768,219047549.885,25:35:33
94,1,1,844,218824236.911,25:36:32
94,1,1,628,218897888.263,25:37:35
94,1,1,441,218824236.911,25:38:40
94,1,1,434,218897888.263,25:39:45
94,1,1,455,218791155.731,25:40:50
94,1,1,663,218755281.781,25:41:53
95,1,1,831,375777877.829,25:42:55
95,1,1,559,371128243.391,25:43:55
95,1,1,754,371225503.12,25:44:56
95,1,1,713,376577326.914,25:45:57
95,1,1,706,376577326.914,25:46:59
95,1,1,643,372475780.027,25:48:04
95,1,1,566,371128243.391,25:49:03
95,1,1,448,370375852.681,25:50:05
95,1,1,768,371132664.155,25:51:06
95,1,1,844,370566087.799,25:52:02
95,1,1,628,369660779.101,25:53:03
95,1,1,441,370566087.799,25:54:04
95,1,1,434,370562371.741,25:55:06
95,1,1,455,370380237.72,25:56:08
95,1,1,663,370778188.853,25:57:09
96,1,1,831,198379634.635,25:58:15
96,1,1,559,197646189.354,25:59:16
96,1,1,754,197668984.788,26:00:19
96,1,1,713,200106291.859,26:01:22
96,1,1,706,200106291.859,26:02:25
96,1,1,643,197515941.822,26:03:34
96,1,1,566,197554800.191,26:04:34
96,1,1,448,198773915.91,26:05:40
96,1,1,768,197554800.191,26:06:43
96,1,1,844,198773915.91,26:07:42
96,1,1,628,198931722.004,26:08:46
96,1,1,441,198773915.91,26:09:51
96,1,1,434,198931722.004,26:10:58
96,1,1,455,198687043.744,26:12:03
96,1,1,663,198687043.744,26:13:06
97,1,1,831,120414998.164,26:14:16
97,1,1,559,122267045.508,26:15:23
97,1,1,754,122107646.003,26:16:31
97,1,1,713,123153249.688,26:17:38
97,1,1,706,123130534.269,26:18:45
97,1,1,643,122921728.137,26:19:58
97,1,1,566,121707711.908,26:21:03
97,1,1,448,120771723.76,26:22:11
97,1,1,768,122276697.634,26:23:18
97,1,1,844,120771723.76,26:24:21
97,1,1,628,120887114.783,26:25:27
97,1,1,441,120771269.706,26:26:35
97,1,1,434,120823130.366,26:27:43
97,1,1,455,122514827.716,26:28:52
97,1,1,663,120838006.291,26:29:59
98,1,1,831,110302834.987,26:31:09
98,1,1,559,109674196.878,26:32:15
98,1,1,754,109755340.642,26:33:23
98,1,1,713,112058893.951,26:34:30
98,1,1,706,112178867.284,26:35:37
98,1,1,643,110670639.866,26:36:49
98,1,1,566,109768479.743,26:37:56
98,1,1,448,109900848.026,26:39:06
98,1,1,768,109679647.682,26:40:14
98,1,1,844,109731697.711,26:41:18
98,1,1,628,109879700.553,26:42:26
98,1,1,441,109760914.188,26:43:35
98,1,1,434,109801857.142,26:44:45
98,1,1,455,109334201.152,26:45:54
98,1,1,663,109732127.975,26:47:02
99,1,1,831,173849899.727,26:48:09
99,1,1,559,173061282.502,26:49:11
99,1,1,754,173022507.689,26:50:15
99,1,1,713,172669813.572,26:51:17
99,1,1,706,172669813.572,26:52:20
99,1,1,643,173903214.41,26:53:28
99,1,1,566,172813647.07,26:54:29
99,1,1,448,173187937.297,26:55:35
99,1,1,768,172808182.594,26:56:39
99,1,1,844,173187937.297,26:57:38
99,1,1,628,173226282.271,26:58:43
99,1,1,441,173190554.231,26:59:49
99,1,1,434,173226282.271,27:00:56
99,1,1,455,173029382.083,27:02:02
99,1,1,663,173132907.427,27:03:07
