Date,flat_rate,,,,,,
1/1/12,45.73684,,,,,,
1/2/12,45.73684,,,,,,
1/3/12,45.84211,,,,,,
1/4/12,46.68421,,,,,,
1/5/12,47.10526,,,,,,
1/6/12,47.21053,,,,,,
1/7/12,47.21053,,,,,,
1/8/12,47.21053,,,,,,
1/9/12,47.31579,,,,,,
1/10/12,47.42105,,,,,,
1/11/12,47.52632,,,,,,
1/12/12,49.10526,,,,,,
1/13/12,49.63158,,,,,,
1/14/12,50.68421,,,,,,
1/15/12,51.63158,,,,,,
1/16/12,52.73684,,,,,,
1/17/12,58.84211,,,,,,
1/18/12,59.63158,,,,,,
1/19/12,59.73684,,,,,,
1/20/12,59.63158,,,,,,
1/21/12,59.63158,,,,,,
1/22/12,59.52632,,,,,,
1/23/12,59.42105,,,,,,
1/24/12,58.73684,,,,,,
1/25/12,54.47368,,,,,,
1/26/12,53.63158,,,,,,
1/27/12,52.68421,,,,,,
1/28/12,52.36842,,,,,,
1/29/12,49.73684,,,,,,
1/30/12,45.94737,,,,,,
1/31/12,45.21053,,,,,,
2/1/12,44.89474,,,,,,
2/2/12,44.89474,,,,,,
2/3/12,44.78947,,,,,,
2/4/12,44.57895,,,,,,
2/5/12,44.57895,,,,,,
2/6/12,44.63158,,,,,,
2/7/12,44.89474,,,,,,
2/8/12,45,,,,,,
2/9/12,45.10526,,,,,,
2/10/12,45.21053,,,,,,
2/11/12,45.52632,,,,,,
2/12/12,48.21053,,,,,,
2/13/12,49.10526,,,,,,
2/14/12,49.94737,,,,,,
2/15/12,50.05263,,,,,,
2/16/12,50.05263,,,,,,
2/17/12,50.05263,,,,,,
2/18/12,49.89474,,,,,,
2/19/12,49.94737,,,,,,
2/20/12,49.73684,,,,,,
2/21/12,49,,,,,,
2/22/12,48.73684,,,,,,
2/23/12,48.78947,,,,,,
2/24/12,48.89474,,,,,,
2/25/12,48.78947,,,,,,
2/26/12,48.47368,,,,,,
2/27/12,48.05263,,,,,,
2/28/12,48.05263,,,,,,
2/29/12,48.05263,,,,,,
3/1/12,48.05263,,,,,,
3/2/12,48.05263,,,,,,
3/3/12,49.36842,,,,,,
3/4/12,49.94737,,,,,,
3/5/12,50.52632,,,,,,
3/6/12,51.36842,,,,,,
3/7/12,51.63158,,,,,,
3/8/12,52.26316,,,,,,
3/9/12,52.89474,,,,,,
3/10/12,54.47368,,,,,,
3/11/12,59.36842,,,,,,
3/12/12,59.84211,,,,,,
3/13/12,60.10526,,,,,,
3/14/12,60.05263,,,,,,
3/15/12,60.05263,,,,,,
3/16/12,59.31579,,,,,,
3/17/12,58.15789,,,,,,
3/18/12,57.73684,,,,,,
3/19/12,55.21053,,,,,,
3/20/12,54.68421,,,,,,
3/21/12,54.36842,,,,,,
3/22/12,54.15789,,,,,,
3/23/12,54.57895,,,,,,
3/24/12,59.84211,,,,,,
3/25/12,62.21053,,,,,,
3/26/12,62.47368,,,,,,
3/27/12,64.36842,,,,,,
3/28/12,64.36842,,,,,,
3/29/12,64.52631,,,,,,
3/30/12,64.73684,,,,,,
3/31/12,64.89474,,,,,,
4/1/12,64.89474,,,,,,
4/2/12,64.78947,,,,,,
4/3/12,64.57895,,,,,,
4/4/12,64.57895,,,,,,
4/5/12,64.47369,,,,,,
4/6/12,64.36842,,,,,,
4/7/12,63.84211,,,,,,
4/8/12,61.73684,,,,,,
4/9/12,60.89474,,,,,,
4/10/12,60.78947,,,,,,
4/11/12,60.15789,,,,,,
4/12/12,60.15789,,,,,,
4/13/12,56.78947,,,,,,
4/14/12,52.36842,,,,,,
4/15/12,49.31579,,,,,,
4/16/12,48.89474,,,,,,
4/17/12,49,,,,,,
4/18/12,49,,,,,,
4/19/12,51.10526,,,,,,
4/20/12,54.78947,,,,,,
4/21/12,58,,,,,,
4/22/12,59.10526,,,,,,
4/23/12,59.21053,,,,,,
4/24/12,59.31579,,,,,,
4/25/12,59.31579,,,,,,
4/26/12,59,,,,,,
4/27/12,56.15789,,,,,,
4/28/12,55.15789,,,,,,
4/29/12,54.47368,,,,,,
4/30/12,54.26316,,,,,,
5/1/12,54.15789,,,,,,
5/2/12,53.84211,,,,,,
5/3/12,53.73684,,,,,,
5/4/12,53.36842,,,,,,
5/5/12,52.21053,,,,,,
5/6/12,51.73684,,,,,,
5/7/12,51.63158,,,,,,
5/8/12,51.63158,,,,,,
5/9/12,51.63158,,,,,,
5/10/12,51.73684,,,,,,
5/11/12,52.26316,,,,,,
5/12/12,54.63158,,,,,,
5/13/12,54.78947,,,,,,
5/14/12,54.89474,,,,,,
5/15/12,54.78947,,,,,,
5/16/12,54.42105,,,,,,
5/17/12,52.89474,,,,,,
5/18/12,52.15789,,,,,,
5/19/12,51.73684,,,,,,
5/20/12,51,,,,,,
5/21/12,50.89474,,,,,,
5/22/12,50.78947,,,,,,
5/23/12,50.21053,,,,,,
5/24/12,47.84211,,,,,,
5/25/12,45.42105,,,,,,
5/26/12,45,,,,,,
5/27/12,44.89474,,,,,,
5/28/12,44.78947,,,,,,
5/29/12,44.68421,,,,,,
5/30/12,44.57895,,,,,,
5/31/12,44.36842,,,,,,
6/1/12,42.57895,,,,,,
6/2/12,41.10526,,,,,,
6/3/12,40.15789,,,,,,
6/4/12,38.68421,,,,,,
6/5/12,37.84211,,,,,,
6/6/12,37.73684,,,,,,
6/7/12,37.73684,,,,,,
6/8/12,37.21053,,,,,,
6/9/12,37.63158,,,,,,
6/10/12,37.73684,,,,,,
6/11/12,37.84211,,,,,,
6/12/12,38.57895,,,,,,
6/13/12,39.42105,,,,,,
6/14/12,39.84211,,,,,,
6/15/12,39.52632,,,,,,
6/16/12,39,,,,,,
6/17/12,38.68421,,,,,,
6/18/12,38.57895,,,,,,
6/19/12,38.26316,,,,,,
6/20/12,37.73684,,,,,,
6/21/12,37.42105,,,,,,
6/22/12,37,,,,,,
6/23/12,36.52632,,,,,,
6/24/12,36.36842,,,,,,
6/25/12,35.63158,,,,,,
6/26/12,34.57895,,,,,,
6/27/12,33.21053,,,,,,
6/28/12,32.89474,,,,,,
6/29/12,32.78947,,,,,,
6/30/12,32.78947,,,,,,
7/1/12,32.78947,,,,,,
7/2/12,32.78947,,,,,,
7/3/12,32.05263,,,,,,
7/4/12,31.42105,,,,,,
7/5/12,31.10526,,,,,,
7/6/12,31,,,,,,
7/7/12,31,,,,,,
7/8/12,31.10526,,,,,,
7/9/12,31.10526,,,,,,
7/10/12,31,,,,,,
7/11/12,30.89474,,,,,,
7/12/12,30.78947,,,,,,
7/13/12,30.89474,,,,,,
7/14/12,30.89474,,,,,,
7/15/12,30.89474,,,,,,
7/16/12,31.10526,,,,,,
7/17/12,31.42105,,,,,,
7/18/12,31.42105,,,,,,
7/19/12,31.31579,,,,,,
7/20/12,31.31579,,,,,,
7/21/12,31.42105,,,,,,
7/22/12,31.52632,,,,,,
7/23/12,31.57895,,,,,,
7/24/12,31.42105,,,,,,
7/25/12,31.31579,,,,,,
7/26/12,31.21053,,,,,,
7/27/12,31.31579,,,,,,
7/28/12,31.42105,,,,,,
7/29/12,31.73684,,,,,,
7/30/12,32.57895,,,,,,
7/31/12,33.94737,,,,,,
8/1/12,33.94737,,,,,,
8/2/12,34.05263,,,,,,
8/3/12,33.94737,,,,,,
8/4/12,33.73684,,,,,,
8/5/12,33.52632,,,,,,
8/6/12,33.52632,,,,,,
8/7/12,33.31579,,,,,,
8/8/12,33,,,,,,
8/9/12,33.26316,,,,,,
8/10/12,33.31579,,,,,,
8/11/12,33.42105,,,,,,
8/12/12,33.42105,,,,,,
8/13/12,33.42105,,,,,,
8/14/12,33.21053,,,,,,
8/15/12,33,,,,,,
8/16/12,33,,,,,,
8/17/12,33,,,,,,
8/18/12,33.10526,,,,,,
8/19/12,33.10526,,,,,,
8/20/12,33,,,,,,
8/21/12,32.89474,,,,,,
8/22/12,32.89474,,,,,,
8/23/12,33.10526,,,,,,
8/24/12,33.26316,,,,,,
8/25/12,33.42105,,,,,,
8/26/12,34.57895,,,,,,
8/27/12,34.94737,,,,,,
8/28/12,36.15789,,,,,,
8/29/12,36.47368,,,,,,
8/30/12,36.47368,,,,,,
8/31/12,36.57895,,,,,,
9/1/12,36.57895,,,,,,
9/2/12,36.57895,,,,,,
9/3/12,36.36842,,,,,,
9/4/12,36.57895,,,,,,
9/5/12,36.68421,,,,,,
9/6/12,36.68421,,,,,,
9/7/12,36.78947,,,,,,
9/8/12,36.68421,,,,,,
9/9/12,36.57895,,,,,,
9/10/12,36.26316,,,,,,
9/11/12,36.26316,,,,,,
9/12/12,36.15789,,,,,,
9/13/12,35.84211,,,,,,
9/14/12,35.63158,,,,,,
9/15/12,34.78947,,,,,,
9/16/12,33.63158,,,,,,
9/17/12,33.52632,,,,,,
9/18/12,33.21053,,,,,,
9/19/12,33.21053,,,,,,
9/20/12,33.31579,,,,,,
9/21/12,33.36842,,,,,,
9/22/12,33.47368,,,,,,
9/23/12,32.89474,,,,,,
9/24/12,32.57895,,,,,,
9/25/12,32.47368,,,,,,
9/26/12,32.36842,,,,,,
9/27/12,32.36842,,,,,,
9/28/12,32.36842,,,,,,
9/29/12,32.57895,,,,,,
9/30/12,32.68421,,,,,,
10/1/12,32.78947,,,,,,
10/2/12,32.78947,,,,,,
10/3/12,32.78947,,,,,,
10/4/12,32.89474,,,,,,
10/5/12,32.89474,,,,,,
10/6/12,33,,,,,,
10/7/12,33.21053,,,,,,
10/8/12,33.21053,,,,,,
10/9/12,33.42105,,,,,,
10/10/12,33.52632,,,,,,
10/11/12,33.73684,,,,,,
10/12/12,33.78947,,,,,,
10/13/12,33.84211,,,,,,
10/14/12,33.63158,,,,,,
10/15/12,33.63158,,,,,,
10/16/12,33.63158,,,,,,
10/17/12,33.57895,,,,,,
10/18/12,33.52632,,,,,,
10/19/12,33.42105,,,,,,
10/20/12,33.42105,,,,,,
10/21/12,33.42105,,,,,,
10/22/12,32.89474,,,,,,
10/23/12,32.78947,,,,,,
10/24/12,32.89474,,,,,,
10/25/12,32.89474,,,,,,
10/26/12,33,,,,,,
10/27/12,33.68421,,,,,,
10/28/12,34.36842,,,,,,
10/29/12,36.78947,,,,,,
10/30/12,37.15789,,,,,,
10/31/12,37.21053,,,,,,
11/1/12,37.73684,,,,,,
11/2/12,40.42105,,,,,,
11/3/12,45,,,,,,
11/4/12,45.57895,,,,,,
11/5/12,46.47368,,,,,,
11/6/12,48.10526,,,,,,
11/7/12,50.47368,,,,,,
11/8/12,50.78947,,,,,,
11/9/12,51,,,,,,
11/10/12,50.89474,,,,,,
11/11/12,50.47368,,,,,,
11/12/12,50.36842,,,,,,
11/13/12,50,,,,,,
11/14/12,49.42105,,,,,,
11/15/12,48.21053,,,,,,
11/16/12,44.57895,,,,,,
11/17/12,44.05263,,,,,,
11/18/12,43.84211,,,,,,
11/19/12,43.73684,,,,,,
11/20/12,43.73684,,,,,,
11/21/12,43.73684,,,,,,
11/22/12,43.73684,,,,,,
11/23/12,43.63158,,,,,,
11/24/12,43.36842,,,,,,
11/25/12,43.10526,,,,,,
11/26/12,42.68421,,,,,,
11/27/12,42.47368,,,,,,
11/28/12,42.26316,,,,,,
11/29/12,42.10526,,,,,,
11/30/12,42.21053,,,,,,
12/1/12,42.63158,,,,,,
12/2/12,43,,,,,,
12/3/12,43.10526,,,,,,
12/4/12,43.31579,,,,,,
12/5/12,43.73684,,,,,,
12/6/12,43.84211,,,,,,
12/7/12,44.84211,,,,,,
12/8/12,44.78947,,,,,,
12/9/12,44.47368,,,,,,
12/10/12,44.36842,,,,,,
12/11/12,44.36842,,,,,,
12/12/12,44.15789,,,,,,
12/13/12,44.05263,,,,,,
12/14/12,43.94737,,,,,,
12/15/12,43.63158,,,,,,
12/16/12,43.42105,,,,,,
12/17/12,43.21053,,,,,,
12/18/12,43.05263,,,,,,
12/19/12,42.89474,,,,,,
12/20/12,42.68421,,,,,,
12/21/12,42.73684,,,,,,
12/22/12,43,,,,,,
12/23/12,43.10526,,,,,,
12/24/12,43.10526,,,,,,
12/25/12,43.10526,,,,,,
12/26/12,43.10526,,,,,,
12/27/12,42.89474,,,,,,
12/28/12,42.57895,,,,,,
12/29/12,42.57895,,,,,,
12/30/12,42.47368,,,,,,
12/31/12,42.36842,,,,,,
1/1/13,45.49251,,,,,,
1/2/13,45.61924,,,,,,
1/3/13,45.99942,,,,,,
1/4/13,45.8727,,,,,,
1/5/13,45.93606,,,,,,
1/6/13,45.93606,,,,,,
1/7/13,45.74597,,,,,,
1/8/13,45.80933,,,,,,
1/9/13,45.36578,,,,,,
1/10/13,45.42915,,,,,,
1/11/13,45.30242,,,,,,
1/12/13,45.36578,,,,,,
1/13/13,45.11233,,,,,,
1/14/13,44.85887,,,,,,
1/15/13,44.92223,,,,,,
1/16/13,43.81337,,,,,,
1/17/13,43.43318,,,,,,
1/18/13,42.64113,,,,,,
1/19/13,42.70449,,,,,,
1/20/13,42.26094,,,,,,
1/21/13,41.21544,,,,,,
1/22/13,38.8076,,,,,,
1/23/13,34.84735,,,,,,
1/24/13,34.97408,,,,,,
1/25/13,32.88306,,,,,,
1/26/13,32.88306,,,,,,
1/27/13,32.75634,,,,,,
1/28/13,32.56625,,,,,,
1/29/13,32.78802,,,,,,
1/30/13,33.32661,,,,,,
1/31/13,33.3583,,,,,,
2/1/13,33.38998,,,,,,
2/2/13,33.73848,,,,,,
2/3/13,33.77016,,,,,,
2/4/13,33.92857,,,,,,
2/5/13,33.86521,,,,,,
2/6/13,33.38998,,,,,,
2/7/13,33.3583,,,,,,
2/8/13,33.26325,,,,,,
2/9/13,33.3583,,,,,,
2/10/13,33.38998,,,,,,
2/11/13,33.48502,,,,,,
2/12/13,33.5167,,,,,,
2/13/13,33.45334,,,,,,
2/14/13,33.19989,,,,,,
2/15/13,33.73848,,,,,,
2/16/13,33.89689,,,,,,
2/17/13,33.83353,,,,,,
2/18/13,34.02362,,,,,,
2/19/13,35.22754,,,,,,
2/20/13,35.95622,,,,,,
2/21/13,36.08295,,,,,,
2/22/13,36.11463,,,,,,
2/23/13,36.11463,,,,,,
2/24/13,35.9879,,,,,,
2/25/13,35.41763,,,,,,
2/26/13,35.48099,,,,,,
2/27/13,34.65726,,,,,,
2/28/13,34.4038,,,,,,
3/1/13,34.59389,,,,,,
3/2/13,34.4038,,,,,,
3/3/13,34.59389,,,,,,
3/4/13,34.4038,,,,,,
3/5/13,34.68894,,,,,,
3/6/13,34.91071,,,,,,
3/7/13,34.78399,,,,,,
3/8/13,34.91071,,,,,,
3/9/13,35.2909,,,,,,
3/10/13,35.2909,,,,,,
3/11/13,35.67108,,,,,,
3/12/13,36.05127,,,,,,
3/13/13,36.24136,,,,,,
3/14/13,36.30472,,,,,,
3/15/13,36.30472,,,,,,
3/16/13,36.81163,,,,,,
3/17/13,37.06509,,,,,,
3/18/13,37.00173,,,,,,
3/19/13,37.79378,,,,,,
3/20/13,39.15611,,,,,,
3/21/13,39.66302,,,,,,
3/22/13,38.96601,,,,,,
3/23/13,38.77592,,,,,,
3/24/13,38.4591,,,,,,
3/25/13,38.1106,,,,,,
3/26/13,36.93837,,,,,,
3/27/13,36.77995,,,,,,
3/28/13,36.55818,,,,,,
3/29/13,35.92454,,,,,,
3/30/13,35.82949,,,,,,
3/31/13,35.41763,,,,,,
4/1/13,35.03744,,,,,,
4/2/13,35.10081,,,,,,
4/3/13,34.27707,,,,,,
4/4/13,34.15034,,,,,,
4/5/13,34.21371,,,,,,
4/6/13,34.08698,,,,,,
4/7/13,33.77016,,,,,,
4/8/13,33.38998,,,,,,
4/9/13,32.94643,,,,,,
4/10/13,32.94643,,,,,,
4/11/13,32.69297,,,,,,
4/12/13,33.32661,,,,,,
4/13/13,33.38998,,,,,,
4/14/13,33.32661,,,,,,
4/15/13,33.58007,,,,,,
4/16/13,33.45334,,,,,,
4/17/13,33.45334,,,,,,
4/18/13,33.92857,,,,,,
4/19/13,34.27707,,,,,,
4/20/13,34.08698,,,,,,
4/21/13,34.24539,,,,,,
4/22/13,34.27707,,,,,,
4/23/13,34.02362,,,,,,
4/24/13,34.34044,,,,,,
4/25/13,34.27707,,,,,,
4/26/13,34.08698,,,,,,
4/27/13,34.34044,,,,,,
4/28/13,34.34044,,,,,,
4/29/13,34.91071,,,,,,
4/30/13,34.84735,,,,,,
5/1/13,36.30472,,,,,,
5/2/13,36.39977,,,,,,
5/3/13,36.81163,,,,,,
5/4/13,36.74827,,,,,,
5/5/13,37.06509,,,,,,
5/6/13,37.38191,,,,,,
5/7/13,37.57201,,,,,,
5/8/13,37.7621,,,,,,
5/9/13,40.61348,,,,,,
5/10/13,42.41935,,,,,,
5/11/13,42.60945,,,,,,
5/12/13,42.5144,,,,,,
5/13/13,42.60945,,,,,,
5/14/13,42.5144,,,,,,
5/15/13,42.19758,,,,,,
5/16/13,40.9303,,,,,,
5/17/13,41.02534,,,,,,
5/18/13,40.74021,,,,,,
5/19/13,40.67684,,,,,,
5/20/13,40.20161,,,,,,
5/21/13,39.02938,,,,,,
5/22/13,38.4591,,,,,,
5/23/13,40.3917,,,,,,
5/24/13,40.2333,,,,,,
5/25/13,41.6273,,,,,,
5/26/13,42.76786,,,,,,
5/27/13,43.11636,,,,,,
5/28/13,44.06682,,,,,,
5/29/13,47.39343,,,,,,
5/30/13,47.39343,,,,,,
5/31/13,49.16763,,,,,,
6/1/13,49.35772,,,,,,
6/2/13,49.35772,,,,,,
6/3/13,48.28053,,,,,,
6/4/13,48.09044,,,,,,
6/5/13,47.07661,,,,,,
6/6/13,45.52419,,,,,,
6/7/13,45.55587,,,,,,
6/8/13,45.17569,,,,,,
6/9/13,44.85887,,,,,,
6/10/13,44.79551,,,,,,
6/11/13,45.23906,,,,,,
6/12/13,44.95392,,,,,,
6/13/13,44.35196,,,,,,
6/14/13,44.79551,,,,,,
6/15/13,45.23906,,,,,,
6/16/13,44.95392,,,,,,
6/17/13,44.60542,,,,,,
6/18/13,44.28859,,,,,,
6/19/13,43.97178,,,,,,
6/20/13,44.03514,,,,,,
6/21/13,43.84505,,,,,,
6/22/13,43.52822,,,,,,
6/23/13,43.49654,,,,,,
6/24/13,43.21141,,,,,,
6/25/13,43.27477,,,,,,
6/26/13,41.69067,,,,,,
6/27/13,38.77592,,,,,,
6/28/13,38.4591,,,,,,
6/29/13,38.20565,,,,,,
6/30/13,38.20565,,,,,,
7/1/13,39.3462,,,,,,
7/2/13,40.61348,,,,,,
7/3/13,43.33813,,,,,,
7/4/13,43.4015,,,,,,
7/5/13,48.47062,,,,,,
7/6/13,49.99136,,,,,,
7/7/13,50.81509,,,,,,
7/8/13,51.19528,,,,,,
7/9/13,51.13191,,,,,,
7/10/13,51.25864,,,,,,
7/11/13,50.24482,,,,,,
7/12/13,49.42108,,,,,,
7/13/13,47.90034,,,,,,
7/14/13,47.96371,,,,,,
7/15/13,47.39343,,,,,,
7/16/13,45.11233,,,,,,
7/17/13,44.95392,,,,,,
7/18/13,42.95795,,,,,,
7/19/13,42.83122,,,,,,
7/20/13,42.5144,,,,,,
7/21/13,42.10254,,,,,,
7/22/13,41.31048,,,,,,
7/23/13,40.48675,,,,,,
7/24/13,39.40956,,,,,,
7/25/13,39.50461,,,,,,
7/26/13,39.28283,,,,,,
7/27/13,39.09274,,,,,,
7/28/13,38.55415,,,,,,
7/29/13,38.52246,,,,,,
7/30/13,38.23733,,,,,,
7/31/13,36.93837,,,,,,
8/1/13,36.36809,,,,,,
8/2/13,36.24136,,,,,,
8/3/13,36.17799,,,,,,
8/4/13,36.30472,,,,,,
8/5/13,36.30472,,,,,,
8/6/13,36.05127,,,,,,
8/7/13,36.05127,,,,,,
8/8/13,35.95622,,,,,,
8/9/13,35.89286,,,,,,
8/10/13,35.6394,,,,,,
8/11/13,35.54435,,,,,,
8/12/13,35.16417,,,,,,
8/13/13,34.4038,,,,,,
8/14/13,34.4038,,,,,,
8/15/13,34.21371,,,,,,
8/16/13,34.21371,,,,,,
8/17/13,34.30875,,,,,,
8/18/13,34.4038,,,,,,
8/19/13,34.21371,,,,,,
8/20/13,34.21371,,,,,,
8/21/13,34.11866,,,,,,
8/22/13,33.83353,,,,,,
8/23/13,34.0553,,,,,,
8/24/13,34.02362,,,,,,
8/25/13,33.86521,,,,,,
8/26/13,33.83353,,,,,,
8/27/13,33.64343,,,,,,
8/28/13,33.5167,,,,,,
8/29/13,33.32661,,,,,,
8/30/13,33.19989,,,,,,
8/31/13,33.23157,,,,,,
9/1/13,33.7068,,,,,,
9/2/13,34.02362,,,,,,
9/3/13,33.89689,,,,,,
9/4/13,34.7523,,,,,,
9/5/13,35.73445,,,,,,
9/6/13,35.54435,,,,,,
9/7/13,34.97408,,,,,,
9/8/13,35.03744,,,,,,
9/9/13,35.13249,,,,,,
9/10/13,35.22754,,,,,,
9/11/13,35.10081,,,,,,
9/12/13,35.41763,,,,,,
9/13/13,35.35426,,,,,,
9/14/13,35.22754,,,,,,
9/15/13,35.25922,,,,,,
9/16/13,35.41763,,,,,,
9/17/13,35.16417,,,,,,
9/18/13,35.92454,,,,,,
9/19/13,36.08295,,,,,,
9/20/13,36.46313,,,,,,
9/21/13,36.68491,,,,,,
9/22/13,36.68491,,,,,,
9/23/13,36.93837,,,,,,
9/24/13,37.06509,,,,,,
9/25/13,37.00173,,,,,,
9/26/13,37.88882,,,,,,
9/27/13,37.82546,,,,,,
9/28/13,37.41359,,,,,,
9/29/13,37.38191,,,,,,
9/30/13,37.63537,,,,,,
10/1/13,37.82546,,,,,,
10/2/13,38.39574,,,,,,
10/3/13,38.77592,,,,,,
10/4/13,38.83929,,,,,,
10/5/13,39.02938,,,,,,
10/6/13,39.06106,,,,,,
10/7/13,39.21947,,,,,,
10/8/13,39.3462,,,,,,
10/9/13,39.97984,,,,,,
10/10/13,39.91647,,,,,,
10/11/13,40.48675,,,,,,
10/12/13,40.10657,,,,,,
10/13/13,40.07489,,,,,,
10/14/13,39.91647,,,,,,
10/15/13,40.01152,,,,,,
10/16/13,40.10657,,,,,,
10/17/13,41.31048,,,,,,
10/18/13,42.26094,,,,,,
10/19/13,43.59159,,,,,,
10/20/13,43.59159,,,,,,
10/21/13,43.84505,,,,,,
10/22/13,44.00346,,,,,,
10/23/13,44.19355,,,,,,
10/24/13,44.32028,,,,,,
10/25/13,44.60542,,,,,,
10/26/13,45.17569,,,,,,
10/27/13,45.74597,,,,,,
10/28/13,46.09447,,,,,,
10/29/13,45.93606,,,,,,
10/30/13,46.18952,,,,,,
10/31/13,46.25288,,,,,,
11/1/13,46.31625,,,,,,
11/2/13,49.16763,,,,,,
11/3/13,50.94182,,,,,,
11/4/13,55.50403,,,,,,
11/5/13,56.20104,,,,,,
11/6/13,56.70795,,,,,,
11/7/13,57.1515,,,,,,
11/8/13,59.24251,,,,,,
11/9/13,60.41475,,,,,,
11/10/13,61.9038,,,,,,
11/11/13,63.17108,,,,,,
11/12/13,63.23445,,,,,,
11/13/13,63.29781,,,,,,
11/14/13,63.61463,,,,,,
11/15/13,64.18491,,,,,,
11/16/13,63.93145,,,,,,
11/17/13,65.64228,,,,,,
11/18/13,65.70564,,,,,,
11/19/13,67.16302,,,,,,
11/20/13,67.44816,,,,,,
11/21/13,67.73329,,,,,,
11/22/13,68.49366,,,,,,
11/23/13,68.68375,,,,,,
11/24/13,68.36694,,,,,,
11/25/13,68.30357,,,,,,
11/26/13,68.30357,,,,,,
11/27/13,67.76498,,,,,,
11/28/13,66.65611,,,,,,
11/29/13,66.59274,,,,,,
11/30/13,66.4977,,,,,,
12/1/13,66.65611,,,,,,
12/2/13,66.8462,,,,,,
12/3/13,67.28975,,,,,,
12/4/13,67.41647,,,,,,
12/5/13,67.60657,,,,,,
12/6/13,68.05012,,,,,,
12/7/13,67.92339,,,,,,
12/8/13,67.16302,,,,,,
12/9/13,66.65611,,,,,,
12/10/13,66.14919,,,,,,
12/11/13,65.89574,,,,,,
12/12/13,65.32546,,,,,,
12/13/13,64.81855,,,,,,
12/14/13,65.38882,,,,,,
12/15/13,65.57892,,,,,,
12/16/13,66.11751,,,,,,
12/17/13,66.59274,,,,,,
12/18/13,66.52938,,,,,,
12/19/13,66.97292,,,,,,
12/20/13,67.35311,,,,,,
12/21/13,66.59274,,,,,,
12/22/13,65.32546,,,,,,
12/23/13,65.38882,,,,,,
12/24/13,65.07201,,,,,,
12/25/13,64.62846,,,,,,
12/26/13,64.43836,,,,,,
12/27/13,63.74136,,,,,,
12/28/13,63.74136,,,,,,
12/29/13,63.29781,,,,,,
12/30/13,62.7909,,,,,,
12/31/13,61.71371,,,,,,
1/1/14,61.27016,,,,,,
1/2/14,61.27016,,,,,,
1/3/14,60.3197,,,,,,
1/4/14,60.3197,,,,,,
1/5/14,59.84447,,,,,,
1/6/14,58.48214,,,,,,
1/7/14,56.96141,,,,,,
1/8/14,56.96141,,,,,,
1/9/14,53.28629,,,,,,
1/10/14,53.38134,,,,,,
1/11/14,49.99136,,,,,,
1/12/14,45.17569,,,,,,
1/13/14,42.76786,,,,,,
1/14/14,42.00749,,,,,,
1/15/14,41.94413,,,,,,
1/16/14,41.56394,,,,,,
1/17/14,43.84505,,,,,,
1/18/14,50.87846,,,,,,
1/19/14,54.93375,,,,,,
1/20/14,64.88191,,,,,,
1/21/14,66.78284,,,,,,
1/22/14,69.09562,,,,,,
1/23/14,70.42627,,,,,,
1/24/14,72.54897,,,,,,
1/25/14,70.42627,,,,,,
1/26/14,70.45795,,,,,,
1/27/14,65.45219,,,,,,
1/28/14,63.23445,,,,,,
1/29/14,60.63652,,,,,,
1/30/14,54.93375,,,,,,
1/31/14,51.54378,,,,,,
2/1/14,43.14804,,,,,,
2/2/14,41.69067,,,,,,
2/3/14,41.88076,,,,,,
2/4/14,41.50058,,,,,,
2/5/14,41.69067,,,,,,
2/6/14,44.22523,,,,,,
2/7/14,47.2667,,,,,,
2/8/14,47.90034,,,,,,
2/9/14,48.81913,,,,,,
2/10/14,49.86463,,,,,,
2/11/14,50.46659,,,,,,
2/12/14,51.57546,,,,,,
2/13/14,52.05069,,,,,,
2/14/14,61.71371,,,,,,
2/15/14,61.65034,,,,,,
2/16/14,63.61463,,,,,,
2/17/14,63.55127,,,,,,
2/18/14,63.74136,,,,,,
2/19/14,64.05818,,,,,,
2/20/14,64.43836,,,,,,
2/21/14,64.50173,,,,,,
2/22/14,62.03053,,,,,,
2/23/14,61.2068,,,,,,
2/24/14,58.86233,,,,,,
2/25/14,56.96141,,,,,,
2/26/14,56.54954,,,,,,
2/27/14,55.18721,,,,,,
2/28/14,55.0288,,,,,,
3/1/14,54.39516,,,,,,
3/2/14,53.15956,,,,,,
3/3/14,51.63882,,,,,,
3/4/14,51.57546,,,,,,
3/5/14,51.5121,,,,,,
3/6/14,51.13191,,,,,,
3/7/14,50.30818,,,,,,
3/8/14,49.67454,,,,,,
3/9/14,49.80127,,,,,,
3/10/14,47.58353,,,,,,
3/11/14,47.58353,,,,,,
3/12/14,47.2667,,,,,,
3/13/14,44.79551,,,,,,
3/14/14,44.9856,,,,,,
3/15/14,42.76786,,,,,,
3/16/14,41.88076,,,,,,
3/17/14,41.75403,,,,,,
3/18/14,41.56394,,,,,,
3/19/14,41.75403,,,,,,
3/20/14,41.75403,,,,,,
3/21/14,42.00749,,,,,,
3/22/14,41.75403,,,,,,
3/23/14,39.97984,,,,,,
3/24/14,39.37788,,,,,,
3/25/14,38.58583,,,,,,
3/26/14,38.14228,,,,,,
3/27/14,38.01555,,,,,,
3/28/14,37.7621,,,,,,
3/29/14,37.57201,,,,,,
3/30/14,37.31855,,,,,,
3/31/14,37.19182,,,,,,
4/1/14,37.25518,,,,,,
4/2/14,37.50864,,,,,,
4/3/14,37.38191,,,,,,
4/4/14,38.20565,,,,,,
4/5/14,38.14228,,,,,,
4/6/14,38.49078,,,,,,
4/7/14,38.83929,,,,,,
4/8/14,40.2333,,,,,,
4/9/14,40.29666,,,,,,
4/10/14,40.48675,,,,,,
4/11/14,41.75403,,,,,,
4/12/14,41.88076,,,,,,
4/13/14,41.94413,,,,,,
4/14/14,41.75403,,,,,,
4/15/14,41.31048,,,,,,
4/16/14,41.18375,,,,,,
4/17/14,40.96198,,,,,,
4/18/14,40.77189,,,,,,
4/19/14,40.80357,,,,,,
4/20/14,40.61348,,,,,,
4/21/14,40.64516,,,,,,
4/22/14,40.61348,,,,,,
4/23/14,40.61348,,,,,,
4/24/14,40.51843,,,,,,
4/25/14,40.55011,,,,,,
4/26/14,39.97984,,,,,,
4/27/14,39.59966,,,,,,
4/28/14,39.3462,,,,,,
4/29/14,39.47293,,,,,,
4/30/14,39.28283,,,,,,
5/1/14,38.90265,,,,,,
5/2/14,38.68087,,,,,,
5/3/14,38.49078,,,,,,
5/4/14,38.14228,,,,,,
5/5/14,38.33237,,,,,,
5/6/14,38.14228,,,,,,
5/7/14,38.20565,,,,,,
5/8/14,38.4591,,,,,,
5/9/14,38.33237,,,,,,
5/10/14,38.01555,,,,,,
5/11/14,38.01555,,,,,,
5/12/14,37.06509,,,,,,
5/13/14,37.00173,,,,,,
5/14/14,36.93837,,,,,,
5/15/14,36.875,,,,,,
5/16/14,36.875,,,,,,
5/17/14,36.11463,,,,,,
5/18/14,34.15034,,,,,,
5/19/14,33.86521,,,,,,
5/20/14,33.80184,,,,,,
5/21/14,33.64343,,,,,,
5/22/14,33.80184,,,,,,
5/23/14,33.83353,,,,,,
5/24/14,33.58007,,,,,,
5/25/14,33.5167,,,,,,
5/26/14,33.48502,,,,,,
5/27/14,33.42166,,,,,,
5/28/14,33.32661,,,,,,
5/29/14,33.32661,,,,,,
5/30/14,33.42166,,,,,,
5/31/14,33.45334,,,,,,
6/1/14,33.00979,,,,,,
6/2/14,32.88306,,,,,,
6/3/14,32.18606,,,,,,
6/4/14,32.31279,,,,,,
6/5/14,32.18606,,,,,,
6/6/14,32.4712,,,,,,
6/7/14,32.78802,,,,,,
6/8/14,33.1682,,,,,,
6/9/14,33.19989,,,,,,
6/10/14,34.65726,,,,,,
6/11/14,35.16417,,,,,,
6/12/14,35.10081,,,,,,
6/13/14,36.24136,,,,,,
6/14/14,37.50864,,,,,,
6/15/14,37.69873,,,,,,
6/16/14,37.88882,,,,,,
6/17/14,37.82546,,,,,,
6/18/14,37.7621,,,,,,
6/19/14,37.69873,,,,,,
6/20/14,37.28687,,,,,,
6/21/14,36.30472,,,,,,
6/22/14,36.74827,,,,,,
6/23/14,37.57201,,,,,,
6/24/14,38.39574,,,,,,
6/25/14,38.83929,,,,,,
6/26/14,39.66302,,,,,,
6/27/14,39.97984,,,,,,
6/28/14,49.92799,,,,,,
6/29/14,49.7379,,,,,,
6/30/14,49.80127,,,,,,
7/1/14,49.89631,,,,,,
7/2/14,49.80127,,,,,,
7/3/14,49.99136,,,,,,
7/4/14,49.57949,,,,,,
7/5/14,48.85081,,,,,,
7/6/14,48.59735,,,,,,
7/7/14,48.40726,,,,,,
7/8/14,47.96371,,,,,,
7/9/14,48.47062,,,,,,
7/10/14,48.62903,,,,,,
7/11/14,49.32604,,,,,,
7/12/14,49.86463,,,,,,
7/13/14,49.86463,,,,,,
7/14/14,49.61118,,,,,,
7/15/14,49.86463,,,,,,
7/16/14,49.54781,,,,,,
7/17/14,48.94585,,,,,,
7/18/14,48.18548,,,,,,
7/19/14,46.37961,,,,,,
7/20/14,46.18952,,,,,,
7/21/14,45.84101,,,,,,
7/22/14,45.36578,,,,,,
7/23/14,45.42915,,,,,,
7/24/14,45.27074,,,,,,
7/25/14,45.11233,,,,,,
7/26/14,46.28456,,,,,,
7/27/14,49.99136,,,,,,
7/28/14,49.92799,,,,,,
7/29/14,52.96947,,,,,,
7/30/14,54.11002,,,,,,
7/31/14,53.85657,,,,,,
8/1/14,54.04666,,,,,,
8/2/14,49.99136,,,,,,
8/3/14,47.71025,,,,,,
8/4/14,47.99539,,,,,,
8/5/14,45.74597,,,,,,
8/6/14,43.94009,,,,,,
8/7/14,43.78168,,,,,,
8/8/14,42.5144,,,,,,
8/9/14,42.19758,,,,,,
8/10/14,41.05703,,,,,,
8/11/14,41.50058,,,,,,
8/12/14,44.19355,,,,,,
8/13/14,45.6826,,,,,,
8/14/14,46.09447,,,,,,
8/15/14,46.44297,,,,,,
8/16/14,47.77362,,,,,,
8/17/14,49.99136,,,,,,
8/18/14,49.83295,,,,,,
8/19/14,53.91993,,,,,,
8/20/14,53.66647,,,,,,
8/21/14,53.7932,,,,,,
8/22/14,53.60311,,,,,,
8/23/14,53.72984,,,,,,
8/24/14,53.22293,,,,,,
8/25/14,52.84274,,,,,,
8/26/14,52.90611,,,,,,
8/27/14,51.57546,,,,,,
8/28/14,51.19528,,,,,,
8/29/14,50.40322,,,,,,
8/30/14,50.05472,,,,,,
8/31/14,48.72408,,,,,,
9/1/14,44.9856,,,,,,
9/2/14,45.30242,,,,,,
9/3/14,41.56394,,,,,,
9/4/14,41.43721,,,,,,
9/5/14,41.18375,,,,,,
9/6/14,41.59562,,,,,,
9/7/14,42.26094,,,,,,
9/8/14,42.95795,,,,,,
9/9/14,42.76786,,,,,,
9/10/14,42.76786,,,,,,
9/11/14,42.76786,,,,,,
9/12/14,42.29263,,,,,,
9/13/14,41.56394,,,,,,
9/14/14,41.02534,,,,,,
9/15/14,38.96601,,,,,,
9/16/14,38.61751,,,,,,
9/17/14,38.14228,,,,,,
9/18/14,38.04723,,,,,,
9/19/14,37.88882,,,,,,
9/20/14,37.82546,,,,,,
9/21/14,37.63537,,,,,,
9/22/14,37.25518,,,,,,
9/23/14,37.38191,,,,,,
9/24/14,36.62154,,,,,,
9/25/14,35.89286,,,,,,
9/26/14,35.35426,,,,,,
9/27/14,35.16417,,,,,,
9/28/14,34.87903,,,,,,
9/29/14,34.43548,,,,,,
9/30/14,34.21371,,,,,,
10/1/14,34.49885,,,,,,
10/2/14,34.46717,,,,,,
10/3/14,34.46717,,,,,,
10/4/14,34.78399,,,,,,
10/5/14,38.93433,,,,,,
10/6/14,39.97984,,,,,,
10/7/14,40.45507,,,,,,
10/8/14,40.9303,,,,,,
10/9/14,41.08871,,,,,,
10/10/14,41.31048,,,,,,
10/11/14,42.70449,,,,,,
10/12/14,43.24309,,,,,,
10/13/14,43.78168,,,,,,
10/14/14,44.35196,,,,,,
10/15/14,45.04896,,,,,,
10/16/14,45.11233,,,,,,
10/17/14,45.23906,,,,,,
10/18/14,45.30242,,,,,,
10/19/14,45.52419,,,,,,
10/20/14,45.42915,,,,,,
10/21/14,45.17569,,,,,,
10/22/14,44.85887,,,,,,
10/23/14,44.92223,,,,,,
10/24/14,44.73214,,,,,,
10/25/14,44.60542,,,,,,
10/26/14,44.54205,,,,,,
10/27/14,44.60542,,,,,,
10/28/14,45.55587,,,,,,
10/29/14,45.52419,,,,,,
10/30/14,46.69643,,,,,,
10/31/14,48.21717,,,,,,
11/1/14,52.93779,,,,,,
11/2/14,53.06452,,,,,,
11/3/14,57.8485,,,,,,
11/4/14,59.87615,,,,,,
11/5/14,58.35542,,,,,,
11/6/14,57.97523,,,,,,
11/7/14,57.27822,,,,,,
11/8/14,57.27822,,,,,,
11/9/14,56.83468,,,,,,
11/10/14,56.01094,,,,,,
11/11/14,56.39113,,,,,,
11/12/14,55.63076,,,,,,
11/13/14,55.31394,,,,,,
11/14/14,55.5674,,,,,,
11/15/14,55.18721,,,,,,
11/16/14,54.96544,,,,,,
11/17/14,53.28629,,,,,,
11/18/14,52.84274,,,,,,
11/19/14,52.39919,,,,,,
11/20/14,51.95565,,,,,,
11/21/14,51.57546,,,,,,
11/22/14,50.75173,,,,,,
11/23/14,49.64286,,,,,,
11/24/14,50.49827,,,,,,
11/25/14,52.84274,,,,,,
11/26/14,53.53975,,,,,,
11/27/14,53.47638,,,,,,
11/28/14,54.55357,,,,,,
11/29/14,55.94758,,,,,,
11/30/14,60.82661,,,,,,
12/1/14,60.38306,,,,,,
12/2/14,63.61463,,,,,,
12/3/14,64.97696,,,,,,
12/4/14,65.57892,,,,,,
12/5/14,65.83237,,,,,,
12/6/14,65.45219,,,,,,
12/7/14,64.24827,,,,,,
12/8/14,61.23848,,,,,,
12/9/14,60.3197,,,,,,
12/10/14,60.88998,,,,,,
12/11/14,61.96717,,,,,,
12/12/14,62.85426,,,,,,
12/13/14,64.59677,,,,,,
12/14/14,66.11751,,,,,,
12/15/14,70.26786,,,,,,
12/16/14,73.24596,,,,,,
12/17/14,73.24596,,,,,,
12/18/14,73.62615,,,,,,
12/19/14,73.59447,,,,,,
12/20/14,73.56279,,,,,,
12/21/14,79.7091,,,,,,
12/22/14,80.12096,,,,,,
12/23/14,79.83583,,,,,,
12/24/14,74.86175,,,,,,
12/25/14,70.39458,,,,,,
12/26/14,68.55703,,,,,,
12/27/14,68.55703,,,,,,
12/28/14,66.75115,,,,,,
12/29/14,60.63652,,,,,,
12/30/14,60.63652,,,,,,
12/31/14,60.68715,,,,,,
1/1/15,60.41782,,,,,,
1/2/15,60.14848,,,,,,
1/3/15,59.87914,,,,,,
1/4/15,60.14848,,,,,,
1/5/15,60.28315,,,,,,
1/6/15,61.94406,,,,,,
1/7/15,65.89434,,,,,,
1/8/15,66.52279,,,,,,
1/9/15,69.21616,,,,,,
1/10/15,70.15884,,,,,,
1/11/15,70.11395,,,,,,
1/12/15,70.02417,,,,,,
1/13/15,70.92196,,,,,,
1/14/15,70.38329,,,,,,
1/15/15,69.57528,,,,,,
1/16/15,69.57528,,,,,,
1/17/15,69.70995,,,,,,
1/18/15,69.93439,,,,,,
1/19/15,69.84461,,,,,,
1/20/15,70.11395,,,,,,
1/21/15,70.11395,,,,,,
1/22/15,69.39572,,,,,,
1/23/15,69.57528,,,,,,
1/24/15,69.17127,,,,,,
1/25/15,69.12638,,,,,,
1/26/15,68.90193,,,,,,
1/27/15,67.77969,,,,,,
1/28/15,67.01657,,,,,,
1/29/15,66.0739,,,,,,
1/30/15,62.43785,,,,,,
1/31/15,62.30318,,,,,,
2/1/15,61.49517,,,,,,
2/2/15,60.14848,,,,,,
2/3/15,59.96892,,,,,,
2/4/15,55.56975,,,,,,
2/5/15,56.01865,,,,,,
2/6/15,58.53246,,,,,,
2/7/15,59.96892,,,,,,
2/8/15,62.03384,,,,,,
2/9/15,62.6174,,,,,,
2/10/15,62.84185,,,,,,
2/11/15,63.24586,,,,,,
2/12/15,62.12362,,,,,,
2/13/15,59.69958,,,,,,
2/14/15,59.43025,,,,,,
2/15/15,59.16091,,,,,,
2/16/15,58.98135,,,,,,
2/17/15,58.17334,,,,,,
2/18/15,57.54489,,,,,,
2/19/15,57.00621,,,,,,
2/20/15,56.96133,,,,,,
2/21/15,57.90401,,,,,,
2/22/15,58.12845,,,,,,
2/23/15,58.44268,,,,,,
2/24/15,58.53246,,,,,,
2/25/15,57.41022,,,,,,
2/26/15,56.6471,,,,,,
2/27/15,53.01105,,,,,,
2/28/15,52.06837,,,,,,
3/1/15,51.61948,,,,,,
3/2/15,51.0808,,,,,,
3/3/15,51.35014,,,,,,
3/4/15,51.61948,,,,,,
3/5/15,51.88881,,,,,,
3/6/15,51.70926,,,,,,
3/7/15,51.35014,,,,,,
3/8/15,50.72168,,,,,,
3/9/15,50.54213,,,,,,
3/10/15,50.81146,,,,,,
3/11/15,51.5297,,,,,,
3/12/15,51.97859,,,,,,
3/13/15,52.06837,,,,,,
3/14/15,51.97859,,,,,,
3/15/15,51.88881,,,,,,
3/16/15,51.79903,,,,,,
3/17/15,51.61948,,,,,,
3/18/15,50.40746,,,,,,
3/19/15,49.46478,,,,,,
3/20/15,49.82389,,,,,,
3/21/15,50.27279,,,,,,
3/22/15,50.27279,,,,,,
3/23/15,50.36257,,,,,,
3/24/15,49.95856,,,,,,
3/25/15,49.77901,,,,,,
3/26/15,49.82389,,,,,,
3/27/15,50.27279,,,,,,
3/28/15,49.91367,,,,,,
3/29/15,49.68923,,,,,,
3/30/15,49.46478,,,,,,
3/31/15,50.31768,,,,,,
4/1/15,51.43992,,,,,,
4/2/15,51.35014,,,,,,
4/3/15,51.70926,,,,,,
4/4/15,51.5297,,,,,,
4/5/15,51.43992,,,,,,
4/6/15,51.35014,,,,,,
4/7/15,51.30525,,,,,,
4/8/15,53.41505,,,,,,
4/9/15,59.16091,,,,,,
4/10/15,59.96892,,,,,,
4/11/15,61.40539,,,,,,
4/12/15,61.94406,,,,,,
4/13/15,62.25829,,,,,,
4/14/15,62.48273,,,,,,
4/15/15,62.84185,,,,,,
4/16/15,62.66229,,,,,,
4/17/15,62.84185,,,,,,
4/18/15,64.45787,,,,,,
4/19/15,65.08633,,,,,,
4/20/15,65.98412,,,,,,
4/21/15,67.3308,,,,,,
4/22/15,67.77969,,,,,,
4/23/15,64.3232,,,,,,
4/24/15,61.45028,,,,,,
4/25/15,61.7645,,,,,,
4/26/15,59.74448,,,,,,
4/27/15,58.8018,,,,,,
4/28/15,58.98135,,,,,,
4/29/15,59.96892,,,,,,
4/30/15,60.5076,,,,,,
5/1/15,60.0587,,,,,,
5/2/15,59.52003,,,,,,
5/3/15,59.29558,,,,,,
5/4/15,59.16091,,,,,,
5/5/15,58.71202,,,,,,
5/6/15,56.82666,,,,,,
5/7/15,57.18577,,,,,,
5/8/15,60.86671,,,,,,
5/9/15,61.40539,,,,,,
5/10/15,62.03384,,,,,,
5/11/15,62.2134,,,,,,
5/12/15,62.48273,,,,,,
5/13/15,65.80456,,,,,,
5/14/15,66.8819,,,,,,
5/15/15,75.72514,,,,,,
5/16/15,75.41091,,,,,,
5/17/15,77.6105,,,,,,
5/18/15,78.37362,,,,,,
5/19/15,77.52072,,,,,,
5/20/15,76.57804,,,,,,
5/21/15,76.39848,,,,,,
5/22/15,76.57804,,,,,,
5/23/15,73.21133,,,,,,
5/24/15,71.81975,,,,,,
5/25/15,70.83218,,,,,,
5/26/15,69.93439,,,,,,
5/27/15,66.52279,,,,,,
5/28/15,66.79213,,,,,,
5/29/15,64.99654,,,,,,
5/30/15,62.88674,,,,,,
5/31/15,61.7645,,,,,,
6/1/15,61.45028,,,,,,
6/2/15,60.82182,,,,,,
6/3/15,60.77694,,,,,,
6/4/15,60.10359,,,,,,
6/5/15,60.41782,,,,,,
6/6/15,60.64227,,,,,,
6/7/15,61.31561,,,,,,
6/8/15,61.31561,,,,,,
6/9/15,61.85428,,,,,,
6/10/15,61.85428,,,,,,
6/11/15,60.77694,,,,,,
6/12/15,60.9116,,,,,,
6/13/15,61.58495,,,,,,
6/14/15,61.67472,,,,,,
6/15/15,62.93163,,,,,,
6/16/15,64.99654,,,,,,
6/17/15,67.55525,,,,,,
6/18/15,68.67748,,,,,,
6/19/15,70.02417,,,,,,
6/20/15,71.72997,,,,,,
6/21/15,71.90953,,,,,,
6/22/15,71.90953,,,,,,
6/23/15,71.46063,,,,,,
6/24/15,70.78729,,,,,,
6/25/15,69.39572,,,,,,
6/26/15,65.13122,,,,,,
6/27/15,64.99654,,,,,,
6/28/15,64.45787,,,,,,
6/29/15,63.64986,,,,,,
6/30/15,63.29074,,,,,,
7/1/15,62.6174,,,,,,
7/2/15,61.49517,,,,,,
7/3/15,61.13605,,,,,,
7/4/15,61.49517,,,,,,
7/5/15,62.03384,,,,,,
7/6/15,62.66229,,,,,,
7/7/15,65.26588,,,,,,
7/8/15,67.51036,,,,,,
7/9/15,69.26105,,,,,,
7/10/15,70.20373,,,,,,
7/11/15,72.26865,,,,,,
7/12/15,72.8971,,,,,,
7/13/15,73.97445,,,,,,
7/14/15,74.96201,,,,,,
7/15/15,75.59047,,,,,,
7/16/15,80.21409,,,,,,
7/17/15,82.50346,,,,,,
7/18/15,82.59323,,,,,,
7/19/15,82.81768,,,,,,
7/20/15,83.1319,,,,,,
7/21/15,82.77279,,,,,,
7/22/15,79.54075,,,,,,
7/23/15,76.35359,,,,,,
7/24/15,74.87224,,,,,,
7/25/15,73.61533,,,,,,
7/26/15,72.4482,,,,,,
7/27/15,71.1913,,,,,,
7/28/15,70.38329,,,,,,
7/29/15,65.53522,,,,,,
7/30/15,59.96892,,,,,,
7/31/15,56.15332,,,,,,
8/1/15,55.92887,,,,,,
8/2/15,54.9413,,,,,,
8/3/15,54.76174,,,,,,
8/4/15,53.32528,,,,,,
8/5/15,52.29282,,,,,,
8/6/15,50.09323,,,,,,
8/7/15,48.02832,,,,,,
8/8/15,45.9634,,,,,,
8/9/15,44.97583,,,,,,
8/10/15,43.89848,,,,,,
8/11/15,42.19268,,,,,,
8/12/15,40.84599,,,,,,
8/13/15,40.93577,,,,,,
8/14/15,39.9482,,,,,,
8/15/15,38.6913,,,,,,
8/16/15,38.60152,,,,,,
8/17/15,38.2424,,,,,,
8/18/15,37.70373,,,,,,
8/19/15,36.17749,,,,,,
8/20/15,33.30456,,,,,,
8/21/15,30.52141,,,,,,
8/22/15,29.89296,,,,,,
8/23/15,29.89296,,,,,,
8/24/15,29.89296,,,,,,
8/25/15,29.7134,,,,,,
8/26/15,28.99516,,,,,,
8/27/15,28.95028,,,,,,
8/28/15,29.80318,,,,,,
8/29/15,30.43163,,,,,,
8/30/15,31.32942,,,,,,
8/31/15,31.95787,,,,,,
9/1/15,32.13743,,,,,,
9/2/15,32.40677,,,,,,
9/3/15,34.92058,,,,,,
9/4/15,43.53936,,,,,,
9/5/15,46.68163,,,,,,
9/6/15,46.86119,,,,,,
9/7/15,46.77141,,,,,,
9/8/15,47.93854,,,,,,
9/9/15,47.84876,,,,,,
9/10/15,48.47721,,,,,,
9/11/15,48.38743,,,,,,
9/12/15,48.38743,,,,,,
9/13/15,48.65677,,,,,,
9/14/15,49.19544,,,,,,
9/15/15,49.24033,,,,,,
9/16/15,53.41505,,,,,,
9/17/15,54.4924,,,,,,
9/18/15,59.96892,,,,,,
9/19/15,63.29074,,,,,,
9/20/15,63.4703,,,,,,
9/21/15,63.69475,,,,,,
9/22/15,63.9192,,,,,,
9/23/15,62.84185,,,,,,
9/24/15,62.57251,,,,,,
9/25/15,62.57251,,,,,,
9/26/15,62.66229,,,,,,
9/27/15,62.93163,,,,,,
9/28/15,63.11119,,,,,,
9/29/15,64.99654,,,,,,
9/30/15,66.65746,,,,,,
10/1/15,70.02417,,,,,,
10/2/15,75.50069,,,,,,
10/3/15,82.77279,,,,,,
10/4/15,87.35152,,,,,,
10/5/15,88.24931,,,,,,
10/6/15,88.24931,,,,,,
10/7/15,87.93508,,,,,,
10/8/15,86.90263,,,,,,
10/9/15,87.53107,,,,,,
10/10/15,87.17196,,,,,,
10/11/15,86.72307,,,,,,
10/12/15,86.31906,,,,,,
10/13/15,86.09461,,,,,,
10/14/15,83.1768,,,,,,
10/15/15,80.70787,,,,,,
10/16/15,78.91229,,,,,,
10/17/15,77.83495,,,,,,
10/18/15,77.11671,,,,,,
10/19/15,73.43578,,,,,,
10/20/15,70.83218,,,,,,
10/21/15,69.70995,,,,,,
10/22/15,64.99654,,,,,,
10/23/15,61.13605,,,,,,
10/24/15,60.32804,,,,,,
10/25/15,58.62224,,,,,,
10/26/15,57.99379,,,,,,
10/27/15,55.74931,,,,,,
10/28/15,48.97099,,,,,,
10/29/15,46.77141,,,,,,
10/30/15,50.90124,,,,,,
10/31/15,54.9413,,,,,,
11/1/15,61.58495,,,,,,
11/2/15,63.73964,,,,,,
11/3/15,64.09875,,,,,,
11/4/15,66.0739,,,,,,
11/5/15,65.44544,,,,,,
11/6/15,66.0739,,,,,,
11/7/15,66.34323,,,,,,
11/8/15,66.61257,,,,,,
11/9/15,66.8819,,,,,,
11/10/15,65.1761,,,,,,
11/11/15,65.44544,,,,,,
11/12/15,62.84185,,,,,,
11/13/15,62.52763,,,,,,
11/14/15,62.43785,,,,,,
11/15/15,62.30318,,,,,,
11/16/15,62.30318,,,,,,
11/17/15,62.30318,,,,,,
11/18/15,61.49517,,,,,,
11/19/15,61.31561,,,,,,
11/20/15,61.85428,,,,,,
11/21/15,62.12362,,,,,,
11/22/15,61.67472,,,,,,
11/23/15,61.58495,,,,,,
11/24/15,60.95649,,,,,,
11/25/15,60.82182,,,,,,
11/26/15,61.22583,,,,,,
11/27/15,61.31561,,,,,,
11/28/15,61.49517,,,,,,
11/29/15,61.58495,,,,,,
11/30/15,62.07873,,,,,,
12/1/15,62.2134,,,,,,